area_sqft,floors,quality,bedrooms,bathrooms,has_basement,has_garage,location_tier,total_cost_pkr,cost_per_sqft_pkr
861,2,standard,4,1,0,1,1,6033631,3504
9815,1,standard,3,3,1,0,2,44203846,4504
8029,2,standard,2,3,0,0,2,40029496,2493
5401,2,standard,4,4,1,0,1,42296096,3916
2372,1,premium,5,3,0,0,2,13987745,5897
3380,2,luxury,6,2,1,0,3,67596152,9999
4310,2,premium,2,3,1,0,2,56774458,6586
9227,2,premium,5,1,0,0,2,87472669,4740
9780,2,luxury,4,4,1,1,1,267215711,13661
5487,3,premium,3,4,0,0,1,80434067,4886
4647,1,premium,5,3,0,0,2,26742876,5755
6200,1,standard,6,3,0,0,2,18860137,3042
1686,1,premium,2,4,1,0,1,12717634,7543
3245,2,premium,3,4,0,0,1,44059868,6789
9511,3,premium,2,4,0,0,1,183700508,6438
3789,2,standard,4,1,0,0,2,22468486,2965
4353,2,premium,3,4,1,0,2,59785990,6867
9884,3,premium,4,2,0,0,1,165378007,5577
1870,2,standard,2,4,0,1,2,11377414,3042
6299,3,standard,5,3,1,0,2,77920380,4123
9768,1,premium,3,2,0,0,2,52855677,5411
7976,2,luxury,5,3,1,1,2,213924155,13410
6566,2,luxury,3,3,1,0,3,134340117,10230
7249,2,premium,5,1,0,0,1,86737628,5983
5477,1,luxury,5,4,0,0,1,59948651,10946
6510,2,luxury,5,1,1,0,1,192404196,14778
3556,2,luxury,4,4,0,0,2,77083316,10838
1114,2,premium,3,4,0,0,1,14415095,6470
1100,2,standard,2,2,0,0,1,7405970,3366
1708,1,standard,3,4,0,0,3,5082315,2976
7194,1,standard,4,1,1,1,1,34062918,4735
5127,1,premium,4,4,0,0,3,26253856,5121
1597,2,luxury,6,3,0,0,1,39969801,12514
8101,2,luxury,5,4,0,0,2,173501629,10709
6367,1,premium,4,1,0,0,2,31183571,4898
8077,3,premium,6,2,1,0,3,119455446,4930
9456,1,standard,3,4,0,1,1,32473728,3434
3383,1,luxury,2,1,1,0,3,41469523,12258
2840,1,luxury,5,4,1,0,2,43424380,15290
8617,3,premium,5,3,0,0,2,138947428,5375
2409,1,standard,2,2,0,1,2,7088500,2943
1764,2,premium,3,4,0,0,2,20301684,5754
1448,2,standard,2,2,0,1,1,9260730,3198
8906,2,standard,2,3,0,0,1,62660394,3518
2426,3,premium,2,4,1,1,1,48893860,6718
1210,3,premium,5,2,0,0,1,21437044,5906
1150,2,premium,2,3,1,1,3,12593377,5475
8142,1,standard,2,2,0,1,1,27778073,3412
1672,3,luxury,2,4,1,0,3,54224678,10810
8647,2,luxury,3,4,0,0,1,152972652,8845
9730,2,luxury,4,2,0,0,2,174249524,8954
5436,2,standard,3,3,0,0,1,35923989,3304
7906,1,luxury,5,2,0,0,1,90904930,11498
9227,2,luxury,3,2,0,1,2,169475402,9184
2895,1,premium,2,4,0,0,1,18868009,6517
7343,2,premium,4,3,0,1,2,88109930,6000
1345,1,standard,4,2,0,1,3,4405442,3275
6195,3,luxury,3,2,0,1,1,184077573,9905
4345,2,standard,4,1,0,0,2,24618258,2833
9923,2,premium,6,2,0,0,2,94566175,4765
2546,2,premium,6,2,0,0,3,25689294,5045
7592,3,luxury,4,4,0,0,3,158740752,6970
3842,2,premium,4,2,0,0,2,37289471,4853
5714,3,luxury,2,4,0,0,1,165248632,9640
2212,3,premium,4,4,0,0,2,30038006,4527
5045,2,standard,6,4,0,1,2,30882746,3061
7981,2,premium,5,1,0,1,1,83000833,5200
3879,2,standard,5,3,0,0,2,23703621,3055
8018,1,luxury,2,3,0,0,2,81017897,10105
867,2,premium,2,3,1,0,1,14391390,8300
5021,2,premium,5,2,0,1,2,58174294,5793
3609,3,premium,3,2,1,0,2,69179051,6389
5675,1,standard,3,2,1,0,1,22463680,3958
7244,2,standard,5,2,0,0,2,38510815,2658
7704,2,standard,3,2,0,0,2,44694056,2901
4359,2,standard,5,3,0,1,2,27691840,3176
5383,1,premium,2,3,0,1,3,24417125,4536
2275,2,standard,2,2,1,0,1,18506394,4067
5403,1,luxury,6,2,0,0,1,63538530,11760
2753,2,standard,4,2,0,1,1,18635371,3385
2399,1,luxury,4,4,0,0,2,24707687,10299
9297,2,standard,4,2,0,0,3,39420984,2120
8567,2,standard,3,2,0,0,1,52749799,3079
9742,2,premium,4,2,0,0,2,101918423,5231
1388,2,premium,4,4,0,0,2,16028087,5774
2927,2,premium,5,3,0,1,2,32385381,5532
3385,2,premium,6,4,0,1,3,27451994,4055
7410,1,premium,5,3,0,0,2,46676805,6299
8733,3,luxury,4,1,1,0,2,302481194,11546
7383,2,standard,2,3,0,0,1,42776799,2897
7371,1,standard,4,2,0,0,2,23966888,3252
1123,3,standard,3,4,0,1,1,11416347,3389
2664,1,premium,3,4,0,1,2,16327734,6129
9423,3,premium,4,2,1,0,3,174972250,6190
9365,1,premium,2,2,0,0,2,49614785,5298
1478,1,standard,5,3,0,0,2,5816297,3935
7869,1,luxury,6,1,0,0,2,91201485,11590
6425,3,standard,3,2,0,0,2,50220816,2605
8107,1,premium,3,3,0,0,2,42249924,5212
5572,2,luxury,5,4,0,0,2,109633846,9838
5445,1,standard,2,3,0,0,2,15032594,2761
1665,2,premium,6,2,0,1,1,19007795,5708
9921,1,luxury,4,2,0,0,1,99412806,10020
1895,2,standard,5,2,0,1,2,11275051,2975
3941,1,standard,4,4,1,0,1,17726271,4498
2025,3,luxury,2,2,0,0,2,59142933,9735
6530,2,standard,6,1,0,1,2,39143388,2997
4909,1,luxury,3,1,0,1,1,64671299,13174
7309,2,standard,5,4,0,0,2,45869129,3138
3148,1,luxury,5,2,1,0,2,39641858,12593
3402,2,luxury,3,3,0,0,1,62889257,9243
7374,2,standard,4,2,0,1,1,44195695,2997
4519,2,standard,6,1,1,0,1,33681973,3727
2208,1,luxury,5,1,0,0,1,22201874,10055
6713,1,luxury,5,2,0,0,1,64340571,9584
3374,1,premium,6,1,0,0,1,20321370,6023
7893,2,premium,3,2,0,0,2,76445712,4843
4811,1,luxury,5,2,0,1,3,45867853,9534
6290,3,premium,6,3,1,0,1,129960614,6887
1049,2,luxury,4,2,0,0,2,18959397,9037
5325,2,luxury,5,4,0,0,3,84073438,7894
911,2,premium,5,4,0,1,1,11527141,6327
5107,1,luxury,4,1,0,0,1,54144323,10602
8806,2,standard,5,2,0,1,1,53944270,3063
3878,3,standard,6,3,1,0,3,35400351,3043
5013,2,luxury,5,2,0,1,1,110092376,10981
802,2,standard,3,4,0,0,1,5793711,3612
5182,2,standard,4,3,0,0,3,21136987,2039
9116,2,premium,4,4,0,1,1,106913750,5864
7800,2,standard,5,3,0,1,2,45882901,2941
3582,1,standard,6,4,1,0,2,16364856,4569
7492,2,standard,3,4,0,0,1,52591253,3510
8852,3,luxury,3,4,0,0,2,207754808,7823
5503,1,luxury,3,3,0,1,2,65636485,11927
1131,2,standard,3,2,1,0,1,8945833,3955
2148,2,standard,3,4,0,0,3,10672224,2484
4043,2,standard,6,2,0,0,2,22271610,2754
4408,2,luxury,4,2,1,0,1,116342084,13197
7105,2,luxury,2,2,0,0,1,149700872,10535
6195,1,luxury,6,3,0,0,3,52264370,8437
7736,2,luxury,5,4,0,0,2,159877800,10333
6344,1,premium,5,2,0,0,1,40218399,6340
7796,2,premium,2,3,0,0,3,75732824,4857
9834,2,premium,4,2,0,0,2,99882422,5078
6846,3,standard,4,3,1,0,3,56343075,2743
2919,1,standard,4,3,0,0,3,7795240,2671
9378,2,premium,4,4,1,0,1,152851725,8149
7244,2,premium,2,2,0,1,3,62307309,4301
5404,1,standard,4,1,0,0,3,14876387,2753
7162,2,premium,3,3,0,0,2,79460326,5547
8553,3,premium,4,2,0,1,1,147418311,5745
5936,1,premium,6,1,0,1,3,29416162,4956
6364,2,premium,3,4,1,0,1,102807467,8077
3083,2,premium,6,3,0,0,1,33072444,5364
7806,2,premium,3,3,1,0,2,119852742,7677
3861,1,premium,5,3,0,0,1,28908231,7487
7918,3,luxury,4,1,0,0,2,183443058,7723
9237,2,luxury,4,4,0,1,3,163146802,8831
1808,2,standard,2,4,1,0,3,12098617,3346
7978,2,premium,2,4,0,0,1,79810229,5002
5807,1,standard,2,4,0,1,2,19145572,3297
7490,2,standard,2,3,0,1,2,44131938,2946
7271,1,premium,3,2,0,0,2,44869590,6171
6919,3,premium,4,4,0,1,1,127332924,6134
2695,2,standard,5,3,1,1,2,19131199,3549
8832,3,luxury,5,1,0,1,3,185677869,7008
3141,1,standard,2,2,0,1,1,10553389,3360
5321,1,standard,3,1,0,0,2,16671206,3133
4623,2,luxury,4,2,1,0,1,138604964,14991
4752,2,standard,3,2,0,1,2,29757495,3131
6368,2,premium,3,2,0,0,1,73212250,5748
8214,2,standard,5,3,0,0,1,53244814,3241
9565,2,premium,2,4,0,0,1,102762022,5372
3516,2,standard,3,2,1,0,1,28920780,4113
9561,1,premium,5,2,1,0,1,76621686,8014
6712,2,standard,6,2,0,0,1,46231868,3444
1186,1,luxury,3,1,0,1,1,15296436,12898
2498,1,standard,2,2,0,0,3,6399682,2562
4141,2,standard,4,1,0,0,2,23781442,2871
1929,3,standard,6,2,0,1,3,14387505,2486
5708,1,standard,5,3,1,0,2,20972275,3674
875,2,luxury,3,4,0,0,1,22933062,13105
9240,3,premium,5,2,0,1,3,128948097,4652
9957,2,standard,6,1,0,1,2,52375955,2630
719,3,standard,5,3,0,0,1,7105952,3294
3013,2,standard,6,3,0,1,3,16034126,2661
2594,1,premium,3,1,0,0,2,14121509,5444
6068,2,standard,3,4,0,0,3,26585841,2191
3835,1,standard,4,4,0,1,1,15583159,4063
4673,2,premium,6,3,0,0,2,53437927,5718
2310,1,premium,3,2,0,0,1,14984373,6487
8037,2,luxury,3,4,0,0,2,146265854,9100
5361,2,premium,4,3,0,0,1,54522885,5085
6140,2,standard,2,4,1,0,2,49949087,4068
1373,1,standard,2,4,1,0,3,4298568,3131
7888,2,standard,6,2,0,0,2,44957717,2850
2322,2,premium,4,3,0,0,3,21836047,4702
8011,2,luxury,4,4,0,1,2,145107070,9057
2471,2,standard,6,1,0,0,2,14111617,2855
954,3,standard,6,3,0,0,1,10259579,3585
5677,1,premium,2,2,0,0,2,32061750,5648
5553,1,premium,4,2,0,0,3,25024150,4506
4689,2,luxury,3,4,0,0,2,92545729,9868
9839,2,standard,5,3,1,0,2,67499539,3430
6483,3,premium,4,4,0,0,1,119990239,6169
4252,1,premium,6,1,0,0,1,28100316,6609
8931,1,luxury,2,2,0,0,1,109952080,12311
8784,2,luxury,3,3,0,0,1,201251956,11456
6427,3,premium,2,2,1,1,1,157460706,8167
7732,2,premium,4,2,0,0,2,77041541,4982
9371,2,premium,5,3,0,0,2,89555254,4778
8552,2,standard,5,4,1,1,1,70596670,4127
8038,2,luxury,6,2,1,1,2,185854898,11561
5542,1,premium,3,1,0,0,1,33248808,5999
1622,2,premium,4,2,0,0,1,18646470,5748
4294,2,premium,4,4,0,1,2,49663507,5783
1666,2,luxury,3,3,0,0,2,33137093,9945
7350,3,premium,5,3,0,0,2,108474866,4919
4127,2,standard,3,1,0,1,1,28576031,3462
8309,1,luxury,2,2,0,1,1,96390213,11601
3148,3,standard,3,4,0,0,3,20345903,2154
5096,3,luxury,6,2,1,0,1,217894669,14253
5270,3,standard,2,1,0,0,1,50573553,3199
8647,2,luxury,3,1,0,0,2,156408280,9044
6407,2,luxury,5,2,1,0,1,171861627,13412
4563,3,premium,3,4,1,0,3,69903383,5107
5844,2,premium,6,4,1,1,1,105137414,8995
3062,3,standard,5,2,0,0,3,24031229,2616
6767,1,premium,2,3,0,0,1,39351199,5815
8748,2,luxury,2,1,0,0,2,163208296,9328
8461,2,standard,2,1,0,0,3,43978407,2599
5499,1,premium,5,2,1,1,3,31842441,5791
4070,2,standard,6,4,0,1,1,27327716,3357
4548,2,premium,3,3,0,0,2,47320936,5202
663,1,luxury,4,2,0,1,2,7423006,11196
5135,2,premium,4,2,0,0,3,45173835,4399
6307,1,standard,6,3,1,0,2,27648807,4384
4321,3,premium,4,3,0,1,3,57297307,4420
1947,2,premium,2,4,1,1,1,29624686,7608
6733,2,premium,5,1,1,1,3,75828177,5631
1023,2,luxury,6,4,0,1,2,19603729,9581
6943,1,premium,4,2,0,1,2,41375972,5959
6481,2,standard,4,4,1,1,1,57014411,4399
2830,2,standard,3,2,1,0,2,24177570,4272
3133,3,standard,5,2,1,1,1,35854184,3815
9012,2,standard,6,2,0,0,2,45994636,2552
951,2,luxury,3,3,0,0,1,23296309,12248
4360,2,luxury,4,4,0,0,2,78850341,9042
9445,3,standard,6,3,1,1,1,109783228,3874
9234,2,standard,5,2,0,1,1,57447881,3111
9786,2,luxury,4,1,0,0,2,194991345,9963
3055,2,standard,5,4,1,0,3,19029299,3114
6965,3,premium,4,2,0,0,3,86651377,4147
3866,2,premium,5,1,0,1,2,38136181,4932
9560,1,premium,3,1,0,0,1,56567795,5917
3327,3,standard,3,2,0,0,2,27734214,2779
9194,1,standard,5,3,1,1,2,35758802,3889
6281,3,standard,4,3,0,0,2,53241146,2826
9740,1,luxury,2,1,0,1,1,109093661,11201
3775,2,standard,2,1,0,1,3,18879186,2501
6630,2,luxury,6,3,0,0,1,159457318,12025
3956,3,standard,4,1,0,1,2,32296145,2721
7637,1,standard,6,2,1,1,1,35842396,4693
9769,2,standard,5,3,0,0,2,58490645,2994
9505,1,standard,5,3,0,0,3,25940707,2729
6392,3,premium,2,2,0,0,2,87895959,4584
9201,3,luxury,4,1,1,1,2,352256125,12762
5343,2,standard,5,4,0,1,1,40107886,3753
3257,3,standard,4,3,0,0,1,30484745,3120
9676,1,luxury,5,1,0,0,1,109852793,11353
2303,2,premium,6,4,0,0,2,25189777,5469
1157,3,standard,5,2,0,1,2,10050290,2896
9520,2,premium,4,1,0,0,2,101676015,5340
4587,1,standard,2,3,0,0,1,14749633,3216
1166,2,premium,6,4,0,1,2,13320877,5712
2879,2,luxury,6,4,1,1,1,91098904,15821
6185,2,standard,6,2,0,1,1,37931553,3066
3727,2,luxury,3,4,0,0,1,84901081,11390
4662,1,standard,2,1,0,1,1,18626258,3995
8595,2,premium,5,3,0,0,3,69212830,4026
7129,2,standard,2,2,0,0,1,45528315,3193
4650,2,luxury,5,2,1,0,3,99937647,10746
7235,1,standard,6,1,0,0,1,25118895,3472
3807,3,luxury,5,4,0,1,1,110304117,9658
3855,1,luxury,6,2,0,0,3,36488226,9465
2179,3,luxury,2,4,1,1,1,80984789,12389
7578,1,standard,5,3,0,0,1,30472492,4021
5771,2,premium,3,4,0,0,1,63644311,5514
7685,1,luxury,5,4,0,0,1,88300452,11490
8499,2,standard,3,2,0,1,1,58908590,3466
1904,2,luxury,3,2,0,0,3,31346753,8232
2755,2,premium,3,4,0,1,1,34346700,6234
8797,1,premium,5,3,0,1,2,56060410,6373
924,3,premium,5,4,0,0,3,12351894,4456
811,3,luxury,4,4,0,1,2,22885216,9406
4401,1,luxury,4,2,0,0,1,57002972,12952
5429,2,luxury,5,3,0,1,1,109843217,10116
4501,3,standard,4,2,0,0,2,39227658,2905
3050,3,standard,6,2,0,0,1,28851447,3153
7260,2,premium,4,3,1,1,3,69625266,4795
6104,1,premium,5,1,0,0,2,31686303,5191
3876,3,standard,5,2,0,0,1,31404202,2701
2348,2,luxury,4,3,0,0,2,42483360,9047
3127,3,premium,5,1,0,1,3,33969005,3621
5326,2,standard,6,1,0,0,1,32579199,3059
4697,3,premium,3,1,0,1,2,73672268,5228
3921,3,premium,3,1,0,0,3,45547429,3872
8273,2,standard,6,1,0,0,2,47980432,2900
2403,2,standard,2,1,0,1,2,14642958,3047
7442,1,premium,5,3,1,1,2,58966758,7924
9374,2,premium,4,1,0,0,1,119745505,6387
2816,2,premium,5,2,0,1,3,25490358,4526
2372,2,luxury,3,4,0,0,1,45475277,9586
9377,2,luxury,2,3,0,0,1,200823220,10708
1663,1,luxury,4,1,0,0,1,19602413,11787
7733,3,premium,5,2,0,0,1,147525943,6359
7702,2,standard,2,3,0,0,2,45194544,2934
3194,2,premium,6,2,0,0,3,27888966,4366
9368,2,standard,6,3,1,0,1,70919801,3785
3940,2,premium,2,2,0,0,3,34761313,4411
957,1,premium,4,4,1,1,3,7664446,8009
8924,3,standard,4,3,0,0,1,80232652,2997
2450,2,luxury,6,1,0,0,1,58085953,11854
5040,3,standard,2,2,1,0,1,55202604,3651
4587,3,luxury,3,2,0,1,1,152409044,11075
3837,2,standard,2,3,0,1,2,23160691,3018
7919,2,premium,2,3,0,1,2,92409706,5835
1825,2,luxury,3,3,0,1,1,37732670,10338
9397,1,luxury,6,2,0,1,1,114370320,12171
1711,1,standard,3,1,0,1,2,5943937,3474
4661,2,standard,5,1,0,1,1,30645663,3287
834,1,standard,3,3,0,0,3,2779229,3332
5421,3,premium,6,3,0,1,2,90956785,5593
8649,2,premium,2,1,0,0,2,80850337,4674
9335,2,standard,3,4,1,0,1,91620734,4907
3874,2,standard,5,1,1,0,1,36586318,4722
8694,2,standard,4,3,0,0,1,47307198,2721
4127,3,premium,5,4,1,0,3,71422543,5769
5116,1,standard,4,3,0,0,2,17385301,3398
3916,1,luxury,4,1,0,0,1,39507277,10089
1612,1,standard,5,3,0,1,3,5061702,3140
9963,3,luxury,2,2,0,1,1,314043667,10507
2172,1,premium,3,2,0,0,2,13135091,6047
5528,3,standard,3,2,1,0,2,58858990,3549
8403,2,standard,5,3,0,0,1,49972597,2973
9106,1,premium,6,1,1,0,1,74026679,8129
5871,2,premium,4,4,0,0,2,56345351,4799
6779,2,luxury,3,2,0,0,1,146135195,10779
9998,2,luxury,6,2,0,1,3,149270022,7465
9330,1,premium,5,2,0,0,2,51492856,5519
6785,2,premium,6,4,0,1,2,69788411,5143
6697,1,luxury,4,4,0,1,2,70008071,10454
3803,2,premium,5,1,1,0,2,47395017,6231
3436,2,luxury,3,3,1,1,2,83472567,12147
1243,3,standard,5,1,0,1,3,9856951,2643
6136,2,standard,4,2,0,0,2,36473838,2972
6251,1,standard,4,4,0,0,3,14611506,2337
2611,1,standard,4,3,0,1,2,9230594,3535
9061,2,premium,6,4,0,1,2,92536956,5106
5517,2,standard,3,1,0,1,1,37572319,3405
6496,2,standard,6,1,0,1,3,33364225,2568
9800,1,standard,6,3,0,0,1,33899624,3459
3443,3,premium,5,2,0,1,1,67067764,6493
7116,1,luxury,4,1,0,1,1,79354855,11152
1763,2,luxury,3,1,0,1,1,37035892,10504
8302,3,premium,5,3,0,1,3,101945057,4093
3743,1,standard,6,4,0,0,2,11123120,2972
8108,3,luxury,5,2,0,0,3,190530108,7833
4652,3,premium,6,1,0,1,1,77301990,5539
999,2,premium,6,4,0,0,2,10951033,5481
6713,2,premium,4,1,0,1,1,81808262,6093
5769,3,standard,5,3,0,0,1,53275044,3078
9118,3,standard,4,2,0,0,2,75255974,2751
7389,3,standard,3,4,1,0,3,58644196,2646
4533,3,standard,6,1,0,0,1,42020070,3090
2917,1,standard,6,1,0,0,3,7824262,2682
4731,2,standard,2,4,0,0,1,28166313,2977
2354,2,standard,3,2,0,0,2,13271983,2819
4684,2,premium,4,4,0,0,2,46271357,4939
4401,1,standard,3,3,0,0,2,14898317,3385
2862,1,luxury,2,1,1,1,3,33735316,11787
1307,2,premium,2,4,0,0,1,15124173,5786
8758,2,standard,4,4,0,0,2,54876974,3133
4413,3,standard,5,1,0,0,2,37800913,2855
4815,1,standard,6,4,1,1,3,16198678,3364
3961,1,standard,3,2,0,0,3,9590881,2421
4516,2,luxury,6,1,1,0,2,105564948,11688
2909,2,standard,5,3,0,0,2,18979764,3262
813,1,premium,4,2,0,0,1,6032886,7421
7912,2,standard,3,3,1,0,2,49263681,3113
2519,3,luxury,5,1,0,0,1,77079889,10200
2118,2,premium,4,4,1,0,1,30182699,7125
7953,3,standard,5,3,0,1,1,81786654,3428
7828,1,premium,6,4,0,0,2,47794806,6106
8014,3,premium,2,4,0,1,2,123931913,5155
8937,1,premium,5,4,0,0,3,35787722,4004
7606,2,premium,5,3,0,0,2,84433879,5550
9035,2,premium,4,2,0,1,2,94585399,5234
3027,1,luxury,6,2,0,0,2,31567003,10428
5398,1,premium,5,2,0,0,3,25712777,4763
2299,2,premium,4,2,0,0,1,30276198,6585
3643,1,standard,6,3,0,0,1,11034916,3029
3853,2,standard,6,1,0,0,1,22619288,2935
9597,1,standard,5,1,0,1,2,30907027,3220
6570,1,standard,2,4,0,1,1,21647397,3295
7994,2,standard,3,1,0,1,2,48570581,3038
3621,2,premium,2,3,0,1,3,31646859,4370
8447,3,premium,6,1,0,0,1,141588465,5587
4574,2,standard,3,1,1,1,1,44209340,4833
5731,1,premium,4,3,0,1,2,34782446,6069
2636,2,standard,6,4,0,0,1,20455407,3880
2591,1,standard,2,1,1,0,3,7938611,3064
6109,1,premium,6,1,0,0,1,40973036,6707
5441,2,standard,4,2,0,1,1,34737056,3192
7649,2,standard,3,2,0,0,2,43390980,2836
4954,2,standard,3,4,0,1,3,22050366,2226
8119,3,premium,6,1,0,0,1,140233232,5757
899,3,premium,2,2,0,0,1,15346478,5690
4789,1,premium,2,1,0,0,1,30458972,6360
5646,1,luxury,3,1,0,0,2,54709793,9690
3929,3,premium,6,3,0,0,3,49159627,4171
9475,2,luxury,2,2,1,1,3,177020154,9341
4595,2,standard,6,2,1,0,3,23842160,2594
9583,1,premium,6,3,0,0,1,65743888,6860
9631,2,standard,5,2,0,0,1,66245136,3439
8184,2,premium,4,2,0,0,1,100697461,6152
7369,3,standard,2,3,0,0,1,77927437,3525
8094,1,premium,2,3,1,1,1,73128723,9035
6559,1,premium,6,2,1,0,2,42899244,6541
4335,2,premium,4,3,0,0,2,43583341,5027
5749,2,standard,6,3,1,1,1,48358404,4206
1049,2,premium,5,2,1,0,2,13623082,6493
1337,2,premium,5,2,1,0,1,17978622,6723
7164,3,standard,3,1,0,0,2,52004125,2420
5084,1,premium,6,3,0,0,2,30647357,6028
5163,3,premium,5,1,0,0,2,72818117,4701
4784,3,luxury,6,3,1,1,3,131339142,9151
3476,1,premium,3,3,0,0,2,19666629,5658
775,1,premium,4,1,0,0,2,5149017,6644
6924,2,luxury,2,3,0,0,2,144063843,10403
8281,2,premium,4,2,0,0,2,91187435,5506
2307,1,luxury,6,4,0,0,2,26229652,11370
8662,1,standard,6,4,0,1,2,27917139,3223
1836,1,luxury,2,4,0,0,1,20711650,11281
8805,1,premium,6,3,0,1,2,44990306,5110
4374,1,standard,2,1,0,1,2,14501493,3315
7510,2,standard,2,1,0,0,1,46288998,3082
6597,2,premium,2,1,0,0,3,58848034,4460
8511,2,standard,6,2,0,1,3,39961702,2348
5624,2,luxury,4,2,0,0,2,89881306,7991
2027,1,premium,3,3,0,0,2,13769513,6793
4419,2,standard,2,1,0,1,2,25641713,2901
6677,1,standard,3,3,1,1,2,27136491,4064
2781,3,luxury,2,1,1,0,1,115518190,13846
738,2,premium,3,2,0,0,2,7275144,4929
8261,1,luxury,2,4,0,0,2,89710825,10860
8421,1,premium,6,4,0,0,2,49669986,5898
4768,2,standard,2,4,0,1,2,25617688,2686
2614,2,luxury,6,4,0,0,1,59541994,11389
5238,2,premium,3,1,1,0,2,65199909,6224
9231,3,premium,3,1,0,0,2,122809012,4435
7842,3,standard,2,3,0,0,1,80633471,3427
9515,2,standard,6,4,0,1,2,59708186,3138
3094,2,luxury,3,2,0,0,2,67686913,10938
2300,1,luxury,2,4,0,0,3,20063539,8723
2395,2,luxury,4,3,0,1,2,46415998,9690
1181,3,premium,6,2,0,0,2,21501674,6069
8570,2,standard,6,2,0,0,2,50363383,2938
3869,2,premium,3,3,0,0,1,51918041,6709
6243,3,luxury,3,1,0,0,1,198873780,10618
4342,3,premium,6,3,0,0,1,69556400,5340
2608,1,standard,6,4,0,1,1,10202796,3912
9805,2,premium,2,1,0,1,1,119000945,6068
6241,2,luxury,3,4,0,0,1,136964454,10973
9515,3,standard,5,2,0,0,3,67936096,2380
1729,2,standard,3,1,0,0,2,10452617,3023
2044,3,standard,5,3,0,1,2,18241561,2975
8117,2,luxury,6,3,1,1,1,257068390,15835
8278,1,luxury,6,1,0,0,2,82004911,9906
8962,1,luxury,4,2,0,0,2,81398497,9083
1925,1,standard,2,4,0,0,3,5183345,2693
5341,2,premium,3,1,0,0,3,45528012,4262
8249,2,standard,4,2,0,1,1,55248898,3349
9140,1,premium,4,3,0,0,2,49726259,5441
1451,2,standard,2,1,0,0,2,7436248,2562
6166,3,premium,2,1,0,0,1,112384737,6076
9759,3,standard,4,3,0,0,3,65161357,2226
7363,3,standard,5,3,0,0,1,60235081,2727
6254,3,premium,2,1,1,0,1,152047930,8104
7231,2,standard,4,1,0,0,1,38944788,2693
9733,2,luxury,5,1,0,1,2,186478061,9580
3745,2,standard,5,1,0,0,3,16694107,2229
9077,3,premium,2,2,0,0,3,109113530,4007
8645,2,premium,2,3,1,1,3,101720434,5883
8019,2,premium,5,2,0,0,2,86073862,5367
4908,2,premium,3,3,0,0,3,46200589,4707
7334,3,premium,4,4,0,1,1,117091676,5322
4662,2,luxury,5,1,1,1,1,119958538,12866
9610,2,premium,3,3,0,0,1,122735252,6386
7546,2,premium,2,2,0,0,3,70044688,4641
6200,2,luxury,4,2,0,1,1,130049043,10488
7379,1,luxury,2,2,0,0,3,63621295,8622
6302,2,premium,3,1,0,0,1,82708600,6562
4652,3,premium,2,3,0,0,1,75745412,5427
7200,2,standard,6,4,1,0,2,63505587,4410
6645,2,luxury,3,2,1,0,1,184988569,13919
9939,3,premium,2,4,0,0,2,158976389,5332
4509,3,standard,4,1,0,1,2,38763806,2866
2850,1,standard,2,4,0,1,2,10293329,3612
6264,2,luxury,6,3,0,1,1,142373078,11364
7386,2,standard,3,1,0,1,3,37989210,2572
2899,1,premium,6,1,1,1,1,25316058,8733
9572,3,premium,3,3,1,0,1,231838020,8073
9517,2,standard,5,2,0,1,2,59236435,3112
3623,2,premium,2,3,0,0,2,37153069,5127
8718,1,standard,6,1,0,0,1,32245174,3699
5494,3,standard,4,4,0,1,2,47372393,2874
9751,3,standard,6,4,0,0,1,86852805,2969
3012,3,standard,3,4,0,0,2,25410311,2812
8574,2,standard,2,4,0,1,2,55761860,3252
9453,1,standard,3,4,0,1,2,32667163,3456
6400,1,luxury,3,4,0,0,1,65605054,10251
7701,2,standard,3,3,0,0,2,42024064,2728
7328,2,premium,2,1,0,0,3,58840606,4015
7801,2,premium,6,3,0,0,2,83257250,5336
5462,1,premium,3,4,1,0,1,50401776,9228
4331,2,premium,5,1,0,0,3,34110455,3938
2369,1,standard,5,3,0,1,3,6874448,2902
7207,3,luxury,6,3,1,0,1,290254866,13425
815,1,standard,2,1,0,0,2,2880089,3534
2610,1,standard,5,1,0,0,2,8726021,3343
2740,1,luxury,4,1,1,0,2,33318039,12160
1362,3,premium,2,3,0,1,3,20827989,5097
5987,2,standard,4,4,0,1,1,35678905,2980
7765,1,standard,5,4,0,0,3,18432790,2374
4676,3,standard,4,2,0,0,3,31331145,2233
2657,2,standard,5,3,0,0,1,17877312,3364
5828,2,premium,4,1,0,0,2,54596003,4684
5231,1,luxury,3,1,0,0,3,46730116,8933
9775,2,luxury,6,3,0,0,3,136432070,6979
859,1,premium,5,3,0,0,2,5741383,6684
3841,1,premium,3,1,0,0,2,22424750,5838
3259,2,premium,6,3,1,0,2,48471937,7437
4794,2,premium,6,3,1,0,2,57482502,5995
9812,2,standard,4,4,0,1,2,55308201,2818
5531,1,standard,4,2,0,1,1,18356251,3319
9187,1,standard,6,2,0,0,2,29809728,3245
7010,1,standard,4,4,0,0,1,25717940,3669
7946,2,standard,3,3,0,0,2,50767230,3195
4018,2,premium,5,3,0,1,1,55580781,6916
4728,3,premium,3,3,0,0,1,72858111,5137
7545,3,premium,5,1,0,1,2,112534343,4972
9680,3,luxury,6,2,0,1,3,205402270,7073
7386,2,premium,4,2,1,0,2,91702593,6208
2342,2,premium,3,1,0,1,1,25638626,5474
4067,2,luxury,4,3,0,0,2,79216989,9739
5082,1,standard,6,1,0,0,1,18834674,3706
902,2,standard,3,4,1,0,2,7440875,4125
8627,2,luxury,4,1,0,1,3,125835954,7293
879,1,standard,4,2,1,0,3,3119965,3549
9251,2,premium,6,4,0,0,3,74905322,4048
2487,3,premium,5,2,0,0,1,35857623,4806
9801,3,standard,4,2,0,1,2,80737335,2746
3049,2,premium,6,1,0,0,2,31398448,5149
1018,3,premium,5,4,0,1,3,15988693,5235
4671,2,premium,4,4,0,0,2,50374228,5392
3632,3,standard,3,2,0,0,2,29491180,2707
6345,1,standard,6,3,0,0,3,13735875,2165
3017,3,premium,4,4,0,1,2,44928177,4964
5980,2,premium,2,1,0,0,1,62093406,5192
7473,3,luxury,3,4,0,1,1,242943525,10837
924,2,luxury,4,4,0,0,2,19704365,10663
719,1,luxury,3,4,0,0,2,8733922,12147
2546,2,luxury,4,4,1,1,3,57500117,11292
4939,1,standard,2,3,0,0,3,10581321,2142
7048,1,standard,2,2,0,1,1,25413382,3606
1604,2,standard,3,2,0,0,3,8262957,2576
9862,2,luxury,5,1,0,0,1,201419543,10212
7622,2,standard,3,4,0,0,1,46742669,3066
7861,2,premium,3,4,1,1,2,99497285,6329
6730,1,standard,3,1,0,0,2,22486490,3341
3091,1,luxury,4,4,0,1,3,27993202,9056
8964,1,luxury,6,3,0,1,2,99195235,11066
8303,1,luxury,5,2,0,0,3,72564013,8739
6102,3,premium,3,4,0,1,2,101261713,5532
1791,2,premium,5,4,0,0,1,19159581,5349
2947,3,premium,3,1,0,1,1,57715983,6528
6568,1,standard,2,4,0,0,1,21464977,3268
8484,2,standard,2,4,1,0,1,74503484,4391
9331,2,premium,2,1,0,1,2,96749827,5184
4288,2,premium,3,4,0,1,1,47336494,5520
4722,1,standard,6,1,0,0,1,16945639,3589
6057,2,standard,5,1,0,0,2,38790229,3202
5882,1,luxury,4,3,0,0,1,67075213,11403
9098,2,standard,2,3,0,1,1,63068883,3466
3516,2,luxury,4,2,1,1,1,101514076,14436
4331,1,luxury,4,3,0,0,1,49021114,11319
5616,3,premium,3,4,0,0,2,79624572,4726
9876,3,standard,6,4,0,1,1,82429221,2782
1299,2,standard,4,1,0,0,1,8199434,3156
8030,2,standard,4,1,0,1,2,52194733,3250
6676,1,luxury,2,4,0,1,1,78754203,11797
5506,2,premium,2,2,0,1,2,56916159,5169
3769,2,premium,3,1,0,1,1,45448931,6029
8029,2,standard,3,1,0,0,1,54163119,3373
2768,2,standard,5,4,0,0,1,16665648,3010
2035,1,premium,3,1,0,0,2,12906642,6342
8632,3,standard,2,4,0,0,2,71501112,2761
8069,2,premium,3,2,0,1,1,87735026,5437
5206,2,premium,6,2,0,0,3,43088490,4138
7623,1,standard,3,1,0,0,2,20100131,2637
6152,1,standard,5,4,0,1,1,21812475,3546
4421,2,premium,4,2,0,1,2,48580634,5494
4803,3,luxury,2,2,0,1,1,173019199,12008
4032,2,premium,5,1,0,0,2,42375390,5255
4838,2,luxury,3,3,1,0,3,101932828,10535
6820,1,standard,3,1,0,1,1,25418826,3727
2596,1,standard,2,2,0,0,2,8706008,3354
4956,1,standard,2,2,0,1,2,15948397,3218
8332,2,premium,5,2,0,0,1,82434424,4947
4790,2,standard,4,4,0,0,1,34059947,3555
7983,2,premium,6,4,0,0,1,91652918,5741
826,2,premium,6,2,1,1,3,10602742,6418
4688,2,standard,6,2,0,0,1,28357595,3024
5484,2,premium,5,4,0,1,1,64310323,5863
4669,3,premium,5,3,1,0,2,92617692,6612
5941,2,standard,5,4,0,1,1,36884152,3104
5083,1,standard,3,3,0,1,2,17253227,3394
810,2,standard,4,4,1,1,2,7070395,4364
5955,2,standard,6,2,0,0,2,36216255,3041
1578,2,standard,5,3,0,0,3,8379998,2655
3536,2,premium,6,2,0,0,2,34240322,4842
1515,2,luxury,4,1,1,0,1,45972145,15172
5026,1,standard,4,3,0,0,2,14839789,2953
2780,1,premium,4,4,0,1,2,16618147,5978
914,2,premium,5,3,0,0,2,9436281,5162
8287,2,premium,6,3,1,0,1,134073886,8089
7374,2,standard,6,3,0,0,2,36611245,2482
3386,1,standard,5,3,0,1,3,9634575,2845
4700,2,standard,3,4,0,1,3,25155275,2676
8613,2,premium,4,1,0,0,2,85827088,4982
3291,2,luxury,5,1,0,1,1,70036286,10641
5983,1,premium,3,2,1,1,1,47223549,7893
7510,3,premium,6,4,0,1,1,129415614,5744
7504,2,premium,3,2,1,0,3,82641673,5507
8809,2,premium,2,4,1,0,2,116044540,6587
5997,2,premium,5,3,0,1,3,54565629,4549
2579,2,luxury,2,2,0,0,2,47973786,9301
1046,1,premium,5,1,1,0,1,9310030,8901
9806,1,luxury,3,3,0,0,3,80860274,8246
3150,1,standard,2,2,0,0,3,8917422,2831
2022,2,premium,6,2,1,0,1,33091238,8183
3437,3,premium,5,3,1,1,1,81781905,7932
7136,1,standard,2,3,1,0,2,31164940,4367
6780,1,standard,2,3,0,1,2,22736933,3354
2343,3,premium,4,4,0,0,2,40311650,5735
9878,2,premium,3,4,0,1,3,88428749,4476
7828,2,standard,4,4,0,0,1,55521772,3546
6538,2,premium,3,2,1,1,2,95018895,7267
8421,3,luxury,4,3,0,0,1,255753649,10124
3851,1,premium,3,3,0,0,1,24285781,6306
1918,1,standard,2,2,0,0,3,5876088,3064
1354,3,standard,5,3,0,1,1,11879756,2925
3579,3,luxury,6,2,0,1,1,120200950,11195
2128,3,standard,2,2,0,0,2,20099480,3148
8541,1,premium,6,4,1,0,2,60855658,7125
3633,1,standard,3,1,0,0,1,11982911,3298
7997,2,premium,4,2,1,0,2,118982846,7439
1895,3,luxury,6,2,0,0,3,46232423,8132
9338,1,premium,2,2,0,1,2,46980963,5031
1336,2,standard,3,1,0,1,1,9200647,3443
5136,1,luxury,3,2,0,0,3,40563593,7898
3051,3,standard,2,1,1,0,1,34814624,3804
1658,2,standard,3,3,0,1,3,8403927,2534
7038,1,standard,2,2,0,1,2,22321957,3172
4296,2,luxury,2,2,0,0,2,92698679,10789
5650,2,luxury,3,2,0,0,2,97107968,8594
1085,2,premium,6,4,0,1,3,11855050,5463
5440,2,premium,6,3,0,0,3,47614638,4376
4021,2,premium,4,4,0,0,3,34249865,4259
5318,2,standard,4,1,1,1,2,42111975,3959
1597,3,luxury,3,4,1,0,2,61062459,12745
5046,2,standard,6,1,0,0,2,30780381,3050
7301,1,standard,3,3,0,0,2,21230208,2908
5053,1,premium,6,2,1,1,1,41612785,8235
2045,2,premium,4,4,0,0,3,17428313,4261
8287,1,premium,3,3,1,0,1,62204280,7506
9306,2,premium,6,1,0,0,1,120111197,6453
4745,2,premium,5,4,0,0,2,47985732,5056
8172,1,premium,3,3,1,1,2,61318945,7504
6857,2,standard,5,2,1,1,1,54346871,3963
8544,1,premium,6,2,1,0,2,55952468,6549
622,2,standard,6,1,1,0,2,4969699,3995
9571,2,premium,6,4,0,0,2,98768716,5160
1715,2,luxury,4,2,0,0,2,31087851,9064
8637,2,standard,6,4,0,0,3,39708436,2299
1380,3,standard,6,2,1,1,2,14464856,3494
3609,3,standard,5,1,0,0,3,24266660,2241
4230,1,standard,6,3,0,1,2,13044136,3084
7708,2,standard,3,1,0,0,1,50491083,3275
5012,3,standard,6,2,0,1,2,42759430,2844
4381,2,standard,3,3,0,0,2,23402140,2671
2450,2,premium,5,2,0,1,1,27551598,5623
3048,2,standard,4,4,0,1,2,20188467,3312
1740,2,premium,4,1,1,1,2,23746865,6824
7084,3,luxury,6,2,0,1,1,221287777,10413
7978,3,standard,5,4,1,0,2,86514555,3615
3173,1,luxury,5,4,0,0,3,26289174,8285
2000,1,premium,3,4,0,0,1,13553255,6777
6564,1,premium,2,2,0,0,1,36632590,5581
2846,1,premium,5,3,0,1,2,18261929,6417
4100,2,premium,5,2,0,1,2,43671316,5326
8248,2,standard,6,4,0,0,1,47901073,2904
7022,1,standard,4,4,0,1,2,23506670,3348
2062,2,premium,2,2,1,1,3,26613631,6453
5812,2,premium,5,2,0,1,2,63132655,5431
8059,2,standard,6,1,1,0,2,63725785,3954
9512,1,standard,5,2,0,0,2,27036413,2842
2133,1,premium,5,4,0,1,2,12829425,6015
9512,1,premium,2,4,0,1,1,62047957,6523
6759,3,luxury,2,3,0,0,1,186601401,9203
1920,2,standard,3,3,0,0,1,11344290,2954
6648,1,premium,3,3,0,1,1,43989827,6617
4376,3,luxury,6,4,0,0,2,114141969,8695
3541,1,standard,5,2,1,0,3,12058829,3405
4292,2,premium,6,4,0,1,2,44761667,5215
4709,2,standard,2,3,0,0,2,25565894,2715
9020,1,luxury,2,3,0,0,2,90357038,10017
5040,1,standard,2,1,0,0,2,15170451,3010
3205,2,luxury,6,2,1,1,2,84707665,13215
5032,2,premium,5,2,0,0,3,49523447,4921
7874,2,standard,3,4,0,1,2,44920345,2852
2609,2,standard,3,1,1,0,2,19639894,3764
1810,2,premium,5,4,0,0,2,20673487,5711
8173,2,premium,4,2,0,1,1,104088869,6368
2654,2,premium,6,3,0,0,3,23276723,4385
9019,1,standard,4,3,0,0,1,30244073,3353
1070,2,standard,6,2,1,1,1,9397710,4391
5789,1,luxury,6,2,0,0,2,65683564,11346
4873,2,premium,5,4,0,0,2,49335354,5062
9819,2,premium,3,1,0,1,2,102668048,5228
8093,2,standard,5,4,0,1,1,52268526,3229
4348,2,standard,3,2,0,0,2,22453991,2582
6024,1,standard,6,2,0,1,2,20725348,3440
8222,2,premium,2,1,0,0,3,68774481,4182
6386,1,premium,3,2,0,0,1,42651624,6679
6773,2,standard,4,3,0,1,1,48050009,3547
1691,2,standard,2,3,0,1,2,10613219,3138
4767,2,premium,6,4,0,0,1,52829421,5541
9270,3,luxury,4,2,0,1,2,297848533,10710
8740,3,luxury,6,4,0,1,2,247894587,9454
6172,1,premium,5,2,0,0,3,28841710,4673
7903,1,premium,3,2,0,1,3,36416830,4608
2861,1,standard,3,2,0,0,2,9487948,3316
840,3,premium,4,3,0,0,3,9947918,3948
8926,2,premium,6,4,0,0,1,98278936,5505
4292,2,premium,4,1,1,0,2,61292843,7140
9626,2,standard,6,2,0,0,2,54698314,2841
5524,1,standard,3,1,0,0,1,17043506,3085
6494,2,luxury,3,2,0,0,1,123995691,9547
6642,2,standard,3,3,0,0,1,36351005,2736
670,2,standard,2,3,1,1,2,5132764,3830
6662,3,premium,6,2,0,0,2,102638964,5136
5000,1,standard,4,4,0,1,3,12617454,2523
4361,1,standard,6,1,0,0,3,12449205,2855
3629,2,premium,5,1,1,0,1,53740076,7404
1922,2,premium,4,4,0,0,2,24012030,6247
8189,2,luxury,6,1,0,0,2,157398286,9610
3062,1,premium,2,4,0,1,2,21190767,6921
3371,2,standard,5,1,0,1,1,22170927,3288
2725,3,standard,5,3,0,0,3,18214445,2228
4457,1,standard,3,4,0,1,2,14104204,3165
2409,1,standard,5,1,0,0,1,8671039,3599
1594,2,standard,5,2,1,0,1,13557003,4253
9646,2,premium,6,4,0,0,3,76984239,3990
5394,3,luxury,6,2,0,0,2,144213336,8912
6483,1,standard,5,3,0,0,2,20527133,3166
6741,2,standard,4,3,1,0,3,48512117,3598
7136,1,luxury,2,4,1,1,1,121097362,16970
5872,3,premium,6,3,0,1,2,76088079,4319
1356,2,standard,5,2,0,0,2,7532853,2778
1007,1,premium,6,1,0,0,1,7245231,7195
7922,3,premium,2,2,0,0,2,128238942,5396
7621,1,luxury,3,4,1,0,2,113911034,14947
1391,2,standard,4,2,0,1,1,10649590,3828
4658,2,standard,3,1,0,0,2,26012267,2792
1176,2,luxury,5,3,0,1,1,28129109,11960
4855,2,premium,6,3,0,0,2,45374407,4673
9044,1,standard,2,2,1,0,1,36978057,4089
5445,2,standard,2,4,0,1,2,29336064,2694
2223,1,standard,5,4,0,1,1,8977094,4038
4942,3,premium,6,3,1,0,2,91825124,6194
4361,3,standard,6,2,0,0,1,38869229,2971
7041,3,premium,6,4,0,0,3,103270667,4889
5066,3,premium,2,4,0,1,1,78459746,5163
8354,1,luxury,2,1,0,1,1,98020506,11733
6110,2,premium,4,2,0,1,2,64349378,5266
3800,2,luxury,2,1,0,0,2,70707676,9304
1652,2,premium,5,2,0,0,3,13198896,3995
6308,3,standard,5,4,1,1,2,71168338,3761
1470,2,premium,5,1,1,1,2,20493711,6971
8323,1,standard,5,3,0,0,1,25500612,3064
6212,1,premium,5,1,0,1,1,37184204,5986
9314,2,premium,6,4,0,0,1,103217005,5541
6469,2,standard,4,2,1,0,1,56792651,4390
8636,2,luxury,5,3,0,0,1,180270889,10437
7804,1,luxury,3,2,0,1,1,81467543,10439
2672,2,standard,5,2,0,1,2,14035168,2626
7804,2,premium,2,1,0,0,2,80042368,5128
7351,3,premium,3,2,0,1,2,105160489,4769
1053,2,luxury,5,4,0,0,3,19962505,9479
2254,2,premium,6,3,0,0,3,18989024,4212
5300,1,premium,6,2,0,0,2,29771358,5617
1587,2,standard,4,1,1,0,3,9318674,2936
2766,3,luxury,4,2,1,0,2,91472986,11023
873,1,standard,3,3,0,0,2,3313432,3795
7699,2,standard,4,1,0,1,1,44802512,2910
2311,3,standard,5,3,0,0,1,21642212,3122
7860,3,standard,2,2,0,1,1,73993508,3138
2947,1,premium,5,3,0,0,1,17946659,6090
5234,1,premium,5,4,0,0,1,35398593,6763
1785,2,standard,3,2,0,0,1,10955914,3069
3741,1,standard,6,3,0,0,1,13889576,3713
6557,1,standard,5,2,0,0,2,17790134,2713
5951,2,premium,2,4,1,0,1,93413853,7849
4582,2,premium,4,1,0,0,2,52153779,5691
7414,1,premium,2,1,0,1,1,53125909,7166
8833,3,standard,5,2,0,0,2,68551358,2587
7493,3,luxury,5,1,0,0,3,176567278,7855
2185,1,standard,3,1,1,0,1,10558576,4832
5551,2,standard,3,3,1,0,2,41534306,3741
5796,2,standard,3,3,0,0,1,36294026,3131
7725,3,standard,2,2,0,0,1,72278936,3119
8832,1,premium,3,4,0,1,2,46746115,5293
7876,3,standard,2,4,1,1,1,100210632,4241
5054,2,luxury,6,2,0,1,2,96143543,9512
8619,1,premium,3,3,0,0,2,45397388,5267
5300,3,premium,4,4,0,0,2,85962927,5406
6740,1,premium,5,1,0,0,1,38595665,5726
4768,1,premium,4,1,1,0,2,36399692,7634
4437,2,luxury,4,4,0,0,2,80809831,9106
3943,1,premium,4,2,0,0,1,27068363,6865
8677,2,luxury,3,3,0,0,2,149339764,8605
5464,2,standard,5,3,0,0,1,36516638,3342
6684,3,standard,6,3,0,1,2,60931156,3039
2901,2,luxury,6,4,0,1,2,61183995,10545
6965,2,standard,5,3,0,0,1,44418179,3189
5576,2,standard,3,3,0,0,1,35119602,3149
8446,1,standard,2,3,0,0,2,22891565,2710
7215,1,premium,3,2,0,1,1,54416125,7542
7633,3,standard,6,2,0,0,1,70985392,3100
796,1,premium,6,3,0,0,2,5571503,6999
9936,1,standard,3,3,1,0,1,50298232,5062
4440,2,standard,5,4,0,0,1,25227073,2841
6852,1,standard,6,3,1,0,2,28504386,4160
5896,2,premium,4,2,0,1,2,62306084,5284
6854,2,premium,6,3,0,1,2,66981514,4886
1426,2,standard,5,2,1,0,1,13731469,4815
804,1,luxury,6,2,0,0,1,12183316,15153
5222,3,premium,3,3,0,1,2,85279086,5444
1797,2,luxury,2,4,0,1,3,30869074,8589
2285,2,standard,4,2,0,1,2,12983629,2841
4507,2,premium,2,3,1,1,3,46968009,5211
7094,1,premium,3,4,0,0,1,45827824,6460
2641,1,standard,3,3,0,1,2,8420494,3188
5739,2,luxury,2,2,1,0,1,146982592,12806
6272,2,premium,6,2,0,1,1,75671338,6032
5027,1,premium,5,2,0,1,2,29136422,5796
6798,2,premium,2,3,1,0,3,69644899,5122
3747,3,premium,2,2,0,1,2,57514525,5116
7613,2,premium,3,3,0,0,1,84974385,5581
3625,1,premium,2,3,1,0,3,21365167,5894
4316,1,standard,6,1,0,0,2,13713042,3177
9449,2,premium,4,3,0,1,2,98695558,5223
1999,1,premium,6,1,0,0,1,12694325,6350
7518,2,standard,2,1,0,0,3,35928867,2390
2036,3,premium,4,1,0,0,1,32899212,5386
7396,1,luxury,2,2,0,1,2,69149321,9350
4874,2,standard,6,1,0,1,2,29005017,2975
3388,3,premium,3,3,0,1,1,61297491,6031
9747,1,standard,5,3,0,1,2,33589718,3446
2251,1,premium,2,4,1,0,1,18595905,8261
1130,2,luxury,2,4,0,1,1,27555941,12193
8195,2,luxury,4,4,0,1,3,131886662,8047
3837,3,standard,6,1,0,0,1,39794310,3457
7669,3,premium,5,2,0,1,1,127707498,5551
2694,1,luxury,4,4,0,0,3,22641718,8404
4477,3,premium,4,4,1,0,1,95115837,7082
6666,2,luxury,3,1,0,0,2,113168399,8488
8918,2,standard,2,2,0,0,3,36207941,2030
8394,1,luxury,5,1,0,1,3,75240209,8964
7357,2,standard,5,4,0,1,3,38451865,2613
9059,2,luxury,5,3,0,1,2,179148646,9888
8001,2,standard,2,4,0,0,2,43335127,2708
1713,2,standard,5,1,0,0,1,11222865,3276
9091,3,premium,2,3,0,0,3,108579896,3981
3848,1,standard,3,1,0,0,1,14141591,3675
9845,3,luxury,2,3,0,0,1,286389459,9697
8339,3,luxury,6,2,0,0,2,207704391,8303
7849,1,standard,6,2,0,0,1,28111825,3582
7565,1,luxury,3,3,1,1,2,100027380,13222
1334,2,standard,2,4,0,0,3,6125465,2296
1077,2,standard,4,1,1,0,1,9066246,4209
7901,2,luxury,6,3,0,0,1,186907494,11828
637,3,luxury,3,3,0,0,1,20349660,10649
2398,1,premium,2,2,0,1,1,16255093,6779
5017,3,standard,5,4,0,1,2,42979007,2856
8083,3,standard,6,1,0,1,2,68237001,2814
7856,1,standard,5,2,0,1,1,29820904,3796
7225,2,standard,6,3,0,0,2,46368135,3209
4417,2,luxury,6,4,0,0,3,73149191,8280
5480,2,luxury,2,2,0,0,1,118931535,10851
7401,3,standard,5,2,0,0,1,69002176,3108
5421,2,standard,4,1,0,0,3,24108334,2224
9823,2,premium,5,2,1,0,1,146182410,7441
2860,1,standard,2,2,0,0,1,10844841,3792
892,2,standard,3,1,0,1,2,5591416,3134
1525,1,luxury,2,1,0,1,2,16110499,10564
4131,2,luxury,2,2,0,0,2,81689181,9887
2563,3,premium,6,3,0,0,1,45675069,5940
6556,2,standard,4,3,0,0,2,36713208,2800
4848,1,luxury,6,1,0,1,3,42791220,8827
3209,1,luxury,4,3,1,1,2,47811088,14899
6007,1,premium,5,3,0,0,3,31281180,5207
2104,3,premium,6,2,0,0,3,28447855,4507
8062,1,luxury,5,2,0,0,2,78738708,9767
2372,1,premium,2,2,0,1,1,16057485,6770
9036,1,luxury,6,1,0,1,2,88678759,9814
5265,1,standard,6,4,0,1,3,16699920,3172
5035,2,standard,6,2,1,0,2,32012961,3179
6574,2,premium,2,2,1,0,1,113325732,8619
3004,1,luxury,3,3,0,0,1,36964239,12305
6166,3,premium,2,1,0,0,3,75549758,4084
6952,2,standard,6,3,0,1,2,39614352,2849
3527,2,premium,5,1,1,1,1,63068401,8941
2625,2,premium,6,3,0,1,2,27475798,5233
7850,2,premium,4,2,0,0,3,66880851,4260
7134,1,luxury,6,3,0,0,1,81090824,11367
1712,2,premium,6,1,0,0,1,21426506,6258
9779,3,standard,6,1,1,0,1,117682031,4011
1300,1,standard,3,4,0,1,2,5416616,4167
4656,2,premium,2,3,0,1,2,51018433,5479
2800,2,standard,3,1,0,0,1,19212807,3431
7824,3,standard,6,3,1,1,1,90858755,3871
6440,2,standard,2,2,0,1,2,37826256,2937
5702,2,standard,5,3,0,1,3,29974988,2628
9247,2,standard,3,3,0,1,1,57569138,3113
3354,2,luxury,6,4,1,0,2,74450374,11099
7097,2,luxury,6,3,0,0,1,128527964,9055
5418,2,standard,6,1,0,0,3,23164565,2138
4256,3,luxury,2,1,0,0,3,99669793,7806
3448,1,luxury,3,4,1,1,3,46024593,13348
4378,1,premium,5,2,1,1,3,27632719,6312
4674,2,luxury,5,4,0,1,2,80279817,8588
3581,1,luxury,3,2,0,1,1,43944396,12272
1345,3,premium,3,2,0,0,3,16794249,4162
1691,1,premium,4,2,0,1,2,12358447,7308
4087,2,premium,4,1,0,1,1,41722889,5104
2491,1,premium,2,1,0,0,1,16983269,6818
4241,3,standard,2,2,0,1,1,40741700,3202
2204,2,standard,5,4,0,0,2,13022749,2954
7452,2,standard,4,3,1,0,2,57436714,3854
3632,2,standard,2,2,0,0,1,21117020,2907
4465,3,premium,4,2,0,0,1,82115908,6130
6336,1,luxury,4,2,0,0,2,68770038,10854
5126,2,standard,2,3,0,1,1,32616181,3181
8683,3,standard,3,2,0,1,1,72862209,2797
6072,1,luxury,6,3,1,0,1,82795049,13636
9429,2,premium,3,3,0,1,3,95507820,5065
2909,2,premium,6,1,0,0,1,34292095,5894
1398,2,premium,3,2,0,1,1,18475898,6608
4661,1,luxury,6,3,1,1,2,69876144,14992
4897,2,standard,6,4,0,0,3,25137847,2567
2935,2,premium,6,1,1,0,1,46240310,7877
9209,2,standard,6,3,1,0,1,88189326,4788
8738,3,luxury,5,1,0,0,1,290933058,11098
8487,2,standard,6,2,0,0,1,48749307,2872
9331,2,standard,6,2,0,1,1,59166648,3170
2809,3,standard,3,4,0,0,2,24181163,2869
3982,2,standard,5,2,1,0,1,31950449,4012
7555,1,standard,2,1,0,0,1,23722774,3140
5799,2,standard,3,1,0,0,1,42007655,3622
7664,3,standard,6,2,0,1,1,83158100,3617
6693,3,standard,6,2,0,0,1,68591072,3416
7307,1,standard,4,1,0,0,3,19713900,2698
6942,1,luxury,3,3,1,1,2,105181709,15151
2797,1,premium,6,2,0,0,3,13686046,4893
864,3,standard,3,2,0,0,1,8452453,3261
755,2,luxury,4,1,0,1,3,12596966,8342
2601,2,standard,5,4,0,0,2,16526616,3177
7335,1,premium,5,1,0,0,1,45470703,6199
5562,2,premium,5,3,0,0,1,60909184,5475
9104,2,standard,4,3,0,0,1,58575435,3217
7394,1,luxury,2,3,0,0,2,72486656,9803
3497,1,premium,2,4,1,0,1,24850790,7106
1400,2,standard,5,4,0,0,3,6428223,2296
3449,1,luxury,3,1,0,1,3,32916765,9544
5156,2,premium,6,4,1,0,2,74803041,7254
1314,3,luxury,5,2,0,0,1,37569344,9531
7426,1,premium,4,4,0,1,1,44224247,5955
2132,3,premium,3,4,0,0,1,32576430,5093
860,2,standard,4,1,0,0,2,5066625,2946
739,1,standard,2,3,0,0,1,2989850,4046
6164,1,luxury,5,2,0,0,2,71864477,11659
9980,1,premium,5,4,0,1,2,54860048,5497
1199,1,standard,5,2,1,0,2,5580351,4654
1176,3,standard,6,3,0,1,2,10871636,3082
3719,2,luxury,2,3,0,1,2,70638724,9497
9321,1,standard,5,3,0,0,2,27687435,2970
4532,1,premium,6,3,1,0,2,32226293,7111
4818,2,standard,2,1,0,0,1,32316394,3354
1035,1,luxury,2,2,1,0,2,16077712,15534
5813,2,standard,6,2,1,0,2,46755644,4022
7331,2,premium,2,4,0,0,1,83549431,5698
7873,2,standard,3,1,0,1,2,45697388,2902
1207,3,luxury,4,4,0,0,1,40770202,11259
3660,3,standard,5,4,0,0,3,26889179,2449
2875,2,standard,2,1,0,0,1,15837819,2754
7247,1,standard,3,3,0,0,1,26825526,3702
1072,3,luxury,2,4,0,1,1,37684124,11718
9923,2,luxury,3,1,0,0,3,167575443,8444
7138,3,standard,2,2,0,0,1,72217325,3372
9025,2,premium,2,4,0,0,2,89277932,4946
4283,2,standard,3,3,1,0,2,37162061,4338
9609,2,premium,4,1,0,0,2,96021079,4996
6565,2,premium,4,3,0,0,1,68438134,5212
2998,2,luxury,2,4,0,0,3,51012379,8508
8433,2,premium,2,3,0,0,1,87552584,5191
9185,2,standard,6,2,0,0,1,52997575,2885
3987,2,premium,6,1,0,1,2,47166768,5915
5960,1,luxury,6,1,0,0,2,62008219,10404
1666,2,premium,4,3,1,1,2,24287775,7289
4825,1,luxury,3,4,0,0,2,45470183,9424
7300,2,luxury,2,3,1,0,2,193310098,13240
4897,2,premium,5,2,0,1,1,57951316,5917
670,1,luxury,4,3,1,1,1,12475264,18620
6386,1,standard,4,4,0,0,3,15437940,2417
8438,2,standard,4,3,0,0,2,48872917,2896
1248,1,luxury,3,4,0,0,3,13500227,10817
6736,2,standard,5,3,0,1,1,46735716,3469
7060,3,premium,6,2,0,0,3,86944940,4105
1944,3,luxury,4,2,0,0,2,52724883,9041
4889,1,luxury,3,2,0,1,1,57931018,11849
3455,3,standard,5,2,0,0,3,23801647,2296
3678,2,standard,6,4,1,0,1,33674411,4578
3019,3,premium,2,4,0,0,3,36676033,4049
4861,3,luxury,3,3,0,1,2,133122863,9129
4286,2,premium,5,2,0,0,2,51139923,5966
7625,2,luxury,4,4,0,0,2,147426435,9667
3346,2,standard,5,2,1,1,2,22377859,3344
3686,2,luxury,4,1,1,1,1,103083789,13983
2446,1,luxury,2,2,0,0,2,23978526,9803
3113,1,standard,6,4,0,1,1,12511888,4019
7665,2,standard,6,1,0,0,1,46793591,3052
1154,3,standard,5,4,0,1,3,9122738,2635
6780,1,luxury,2,2,0,1,2,72108842,10636
9258,2,premium,5,2,0,0,1,106744087,5765
6475,2,luxury,2,1,0,1,1,147885049,11420
3904,2,premium,4,1,0,1,3,31279806,4006
8942,2,standard,6,1,0,1,2,50289997,2812
7418,3,premium,2,1,0,0,2,121442502,5457
2117,2,luxury,2,4,0,1,2,42723720,10091
5490,1,luxury,4,4,0,0,2,52525117,9567
4298,3,premium,6,4,0,0,3,52719782,4089
4164,1,premium,3,3,0,1,1,26958535,6474
4077,2,premium,6,2,0,0,2,47059998,5771
8724,2,luxury,2,1,0,1,1,194283817,11135
2266,1,luxury,2,1,0,0,2,20492090,9043
4925,3,standard,4,2,0,0,1,42696574,2890
2308,2,standard,6,2,0,1,2,12941902,2804
5530,3,standard,4,1,0,0,2,41994566,2531
3209,1,luxury,2,4,0,0,1,38732578,12070
8842,3,premium,5,3,0,1,2,139906881,5274
8508,2,luxury,6,4,0,0,3,121572194,7145
6216,3,luxury,5,3,1,0,2,203957677,10937
8478,1,premium,5,2,1,0,2,61172291,7215
1547,2,premium,2,2,0,1,2,16761846,5418
5433,2,standard,4,2,0,0,3,24972321,2298
9646,2,luxury,3,2,0,1,2,160996046,8345
2906,1,luxury,4,4,1,1,1,47160553,16229
8493,2,luxury,4,1,0,0,3,129935240,7650
1127,2,standard,4,3,1,1,2,9647468,4280
1196,2,luxury,4,3,0,0,2,24436638,10216
7239,1,luxury,2,1,0,0,1,89744677,12397
3796,1,luxury,5,2,0,1,3,35731444,9413
1025,2,luxury,4,4,0,0,3,17918226,8741
1123,2,standard,5,2,0,0,3,6097718,2715
4301,1,premium,5,2,0,0,3,17902452,4162
2225,2,premium,3,4,0,0,2,24241099,5447
8351,2,premium,5,4,0,1,1,110327710,6606
9456,1,standard,4,2,0,0,2,25970146,2746
929,2,premium,6,4,0,1,1,12649532,6808
811,1,luxury,3,3,1,0,2,11971550,14761
2948,1,luxury,5,4,0,1,1,36815071,12488
6968,2,premium,2,1,0,0,1,81432956,5843
9993,2,luxury,4,3,0,0,3,149945904,7503
4116,2,standard,4,2,0,1,2,27167019,3300
5340,2,luxury,2,1,0,0,2,105578542,9886
4049,2,premium,5,4,1,0,2,56516059,6979
5503,2,standard,5,4,0,1,2,33558183,3049
6196,2,premium,4,3,0,0,2,70629962,5700
3412,3,luxury,3,1,1,1,3,93816346,9165
4636,2,standard,6,3,0,0,2,26239781,2830
4015,1,standard,5,3,1,1,1,16820555,4189
2134,1,premium,3,4,0,1,1,15658845,7338
6590,2,standard,3,4,0,0,2,38859601,2948
5999,2,luxury,6,2,0,0,1,124069751,10341
6743,3,premium,2,1,0,1,3,91721069,4534
1151,2,standard,5,2,1,0,2,8308080,3609
9105,2,premium,4,2,0,0,3,80724809,4433
6534,1,premium,6,1,1,0,1,60420861,9247
7224,1,premium,6,2,0,0,1,43271041,5990
9641,2,luxury,4,1,0,1,3,145744530,7559
8461,2,luxury,2,1,0,0,3,130389870,7705
2996,3,premium,6,1,1,0,1,63464585,7061
4478,3,premium,5,2,0,0,3,53100807,3953
3186,1,premium,5,4,0,1,2,18226533,5721
7366,2,standard,6,1,0,0,2,40563336,2753
9131,2,premium,4,2,1,0,1,158958626,8704
6874,2,luxury,2,2,0,0,1,136855305,9955
4000,2,premium,5,1,1,0,2,49052554,6132
7109,3,luxury,4,4,0,1,2,197152205,9244
6861,2,premium,3,1,0,1,2,83379872,6076
2483,1,standard,6,3,0,0,2,8995229,3623
9379,3,premium,4,4,0,0,1,156317435,5556
1699,3,standard,5,1,1,1,2,18455962,3621
7822,1,luxury,5,3,0,0,1,93489283,11952
2203,2,luxury,3,1,1,0,1,62908528,14278
6646,1,standard,2,4,0,1,1,26167158,3937
981,3,premium,5,1,1,0,1,21517000,7311
1170,2,luxury,5,2,1,0,3,24871229,10629
4909,2,premium,5,4,0,1,1,57935180,5901
1586,2,standard,6,3,1,0,2,11247121,3546
4175,2,premium,4,4,0,1,3,33089040,3963
3094,2,standard,5,4,0,0,1,21006672,3395
2105,2,standard,4,1,0,0,2,12259350,2912
3976,2,standard,2,1,0,1,3,22121576,2782
9366,3,premium,2,3,1,1,1,215758452,7679
9315,2,luxury,6,3,1,0,2,201167465,10798
4173,3,premium,3,4,1,0,2,85028521,6792
5293,3,standard,2,4,0,0,2,48370797,3046
6585,2,luxury,2,1,0,0,3,96815192,7351
7891,3,luxury,3,1,0,1,1,244587346,10332
4479,2,luxury,5,2,0,1,1,112048865,12508
2042,1,standard,4,4,0,0,2,7716560,3779
8493,1,premium,6,4,0,0,2,42994261,5062
6450,1,standard,3,2,0,1,3,18487431,2866
3492,2,standard,4,1,0,0,2,19317842,2766
8552,2,luxury,6,1,0,1,3,140890495,8237
7609,1,premium,5,2,1,1,2,59787457,7857
7108,3,premium,3,1,0,0,3,86198053,4042
6648,1,luxury,4,3,1,1,2,92537421,13920
6695,1,standard,6,3,0,0,2,20010734,2989
5694,3,standard,3,2,1,1,1,75788459,4437
2874,1,premium,2,1,0,0,1,18566424,6460
7051,2,luxury,4,2,1,0,2,167554719,11882
2665,2,premium,3,4,0,0,1,31770400,5961
9905,1,standard,3,2,0,0,1,32539833,3285
3638,2,standard,3,1,0,1,2,21132828,2904
2308,3,luxury,4,4,0,0,1,78882872,11393
9138,3,premium,4,3,0,1,2,129734011,4732
728,1,standard,4,1,0,0,2,2769592,3804
5270,3,premium,3,3,0,0,1,87892703,5559
688,2,luxury,5,3,1,0,2,16437181,11946
5268,1,standard,3,4,1,0,1,22355312,4244
3227,1,standard,6,1,0,1,2,12339122,3824
1979,2,premium,3,1,0,1,1,22947201,5798
2657,2,luxury,5,4,0,0,2,52178489,9819
601,3,luxury,3,2,1,0,1,22563910,12515
6936,3,premium,5,1,0,1,2,108437321,5211
1626,2,standard,3,2,0,0,1,10682032,3285
4103,2,standard,6,2,0,0,3,17446676,2126
1453,2,luxury,4,3,0,1,2,26324879,9059
7287,1,standard,2,2,0,1,3,17705224,2430
7205,3,standard,4,4,1,0,1,90745623,4198
6805,1,standard,3,2,0,1,2,21433650,3150
3985,1,standard,3,3,0,1,3,12218143,3066
5789,1,premium,6,4,1,1,3,37590599,6493
5724,2,premium,4,1,0,1,2,63104474,5512
7646,2,standard,5,2,0,0,1,51038646,3338
5550,3,premium,3,2,1,1,2,100112148,6013
2544,1,luxury,6,2,0,0,1,31021223,12194
2592,2,luxury,2,4,0,0,3,47137980,9093
8180,1,luxury,6,3,1,0,3,81798171,10000
4209,2,luxury,5,2,1,0,2,95212562,11311
3407,3,premium,5,2,1,0,2,68582393,6710
6293,1,luxury,3,1,0,0,2,64463851,10244
4844,2,standard,2,3,0,0,3,26029508,2687
7423,3,luxury,3,1,0,0,2,204596490,9188
2524,1,standard,6,2,0,1,1,10121633,4010
3026,1,premium,3,3,0,0,1,21433761,7083
2827,2,premium,2,3,0,1,1,36021858,6371
1851,1,standard,5,1,0,1,1,7399338,3997
8591,3,luxury,4,4,0,0,2,232635324,9026
4595,2,premium,5,2,0,1,3,43107696,4691
3473,3,standard,4,1,1,0,2,36532669,3506
703,2,luxury,2,4,0,0,1,18235519,12970
8410,2,premium,2,4,0,1,2,100252650,5960
5127,1,standard,6,3,0,1,1,18132592,3537
7266,2,standard,6,3,0,0,1,49439948,3402
5994,2,standard,2,1,0,0,2,38045782,3174
2819,3,standard,4,3,0,0,1,24158311,2857
2481,1,standard,6,4,0,0,3,7240389,2918
4709,2,standard,5,1,0,1,3,24114160,2560
9003,2,luxury,3,4,0,0,2,183939509,10215
4878,1,luxury,3,2,0,0,1,57949826,11880
1747,2,premium,6,4,0,0,3,15314358,4383
5570,1,luxury,3,3,0,0,2,55348067,9937
6219,3,standard,5,4,0,0,2,56829216,3046
2143,3,premium,2,4,0,0,1,36223242,5634
1298,2,luxury,6,2,0,1,2,29685260,11435
7506,1,standard,4,3,0,0,2,22307967,2972
6707,3,premium,5,2,0,0,1,111026854,5518
6427,1,premium,6,3,1,0,2,45024955,7006
1343,1,standard,6,3,0,0,1,5349937,3984
1162,1,premium,4,1,0,1,3,5982477,5148
1793,1,standard,2,3,0,0,2,6600220,3681
3890,2,premium,6,4,0,0,1,47257733,6074
5149,2,premium,3,2,0,0,2,47237146,4587
3665,1,premium,2,4,0,1,1,26926096,7347
7053,2,premium,2,2,1,0,1,99704214,7068
9012,2,luxury,6,1,0,1,2,156587109,8688
4700,2,premium,3,3,0,1,3,41605888,4426
3962,3,premium,2,4,0,0,2,58293815,4904
4785,2,premium,5,3,0,0,2,51053543,5335
9200,1,premium,5,4,0,0,2,53260572,5789
8925,2,luxury,4,2,0,0,1,215666401,12082
6559,2,premium,3,1,0,0,1,83281280,6349
7410,3,premium,4,3,0,0,2,114814278,5165
8916,2,standard,2,4,0,1,3,38903103,2182
5398,1,premium,3,3,0,0,2,34342218,6362
8054,1,standard,4,2,0,0,1,25677157,3188
7824,3,luxury,4,4,0,1,1,277958790,11842
3553,2,luxury,4,4,0,0,2,64853193,9127
5018,2,premium,3,3,1,0,2,77579486,7730
6407,2,standard,3,3,0,0,3,32433589,2531
7787,1,luxury,4,4,0,1,2,90689253,11646
2515,2,standard,4,2,0,1,1,15658598,3113
2242,2,standard,4,1,0,0,3,10348906,2308
5394,1,luxury,2,2,0,0,2,61562240,11413
4938,2,premium,4,4,0,0,3,38808558,3930
2553,2,premium,5,4,1,0,3,30705291,6014
7178,2,luxury,2,1,0,1,1,155706402,10846
8856,2,standard,5,4,0,0,1,57699466,3258
7861,2,standard,4,3,1,0,1,61088505,3886
6874,2,standard,5,3,0,0,3,34268266,2493
2447,1,premium,5,3,0,0,1,14268957,5831
8802,2,premium,2,3,1,0,1,130055831,7388
2834,2,luxury,6,2,0,0,1,57222470,10096
7735,1,standard,4,2,0,0,1,23316397,3014
7041,1,standard,2,2,0,1,2,19873522,2823
3308,2,luxury,3,2,0,1,3,50044617,7564
7342,1,luxury,6,3,0,1,1,77503807,10556
6254,1,premium,4,3,0,0,1,42236170,6753
7451,1,premium,2,1,0,0,3,37053986,4973
5644,1,luxury,3,2,1,0,1,86753637,15371
9931,2,premium,3,2,0,1,2,110961205,5587
1068,3,standard,3,4,0,1,2,10128859,3161
2779,1,standard,2,3,0,0,2,8520014,3066
1820,2,premium,3,2,0,0,3,14894697,4092
7070,3,standard,4,2,0,1,2,61251448,2888
3533,2,luxury,4,3,1,1,2,87941695,12446
7471,3,standard,5,3,0,1,2,58768715,2622
2604,2,luxury,2,2,1,0,1,74561440,14317
3510,2,premium,4,1,0,1,2,31892738,4543
6860,2,luxury,4,2,1,0,3,146376839,10669
1100,1,standard,6,3,0,1,3,3445470,3132
8161,2,standard,3,1,0,0,1,47947797,2938
7702,1,luxury,3,4,1,0,1,99348629,12899
6024,2,premium,3,3,0,0,2,62381763,5178
9666,1,luxury,3,3,0,0,3,90070277,9318
4606,1,premium,5,4,0,0,3,22743596,4938
6520,2,premium,5,1,1,0,3,75622677,5799
9269,1,standard,6,2,0,0,3,22164787,2391
6272,2,luxury,3,2,0,0,2,120781665,9629
902,1,standard,2,4,0,0,2,3430085,3803
7097,2,premium,5,3,0,0,1,74961866,5281
831,2,standard,3,4,0,0,1,6264496,3769
3779,3,premium,6,2,0,0,2,64770801,5713
4116,2,standard,6,3,0,1,3,19776785,2402
1289,2,standard,6,3,0,1,2,9136780,3544
8489,1,luxury,3,1,0,0,2,79811573,9402
2905,1,luxury,5,2,0,0,1,37258801,12826
5548,2,standard,6,4,0,1,2,32350712,2916
3646,3,premium,3,2,0,0,2,57782951,5283
6030,1,luxury,4,4,1,0,2,77053577,12778
6276,1,premium,5,4,0,0,3,27715213,4416
2797,2,premium,5,4,0,0,1,36292384,6488
8666,2,premium,4,2,0,0,2,94891734,5475
6953,2,premium,2,1,0,1,2,70449785,5066
2265,2,standard,4,1,0,1,2,14984526,3308
9028,2,premium,4,3,0,1,1,112554112,6234
9173,3,luxury,4,1,0,0,1,250075394,9087
8044,2,luxury,4,3,0,0,1,177916517,11059
6828,1,luxury,5,3,0,0,1,75085945,10997
7786,1,premium,5,1,1,0,2,60939399,7827
5102,1,premium,4,2,0,1,2,29686492,5819
9408,2,premium,4,2,1,0,1,137873931,7327
9187,2,standard,3,2,0,1,2,46923436,2554
2786,2,standard,6,3,1,1,1,22243173,3992
1319,2,standard,2,1,0,0,3,6175322,2341
2514,1,standard,2,4,0,0,2,8234692,3276
6714,2,premium,2,3,0,0,2,75941494,5655
7115,2,luxury,5,3,0,1,2,124161258,8725
9772,1,premium,6,4,0,1,1,68620787,7022
8783,2,standard,2,2,0,0,2,50396289,2869
6702,2,standard,6,4,0,0,2,44064867,3287
5100,1,standard,6,3,0,1,2,16128866,3163
7515,2,luxury,5,2,0,0,2,134223739,8930
2658,1,luxury,3,2,0,1,1,32117967,12084
4661,2,luxury,2,2,1,0,2,113470045,12172
9092,2,luxury,6,3,0,0,1,214948589,11821
4317,2,standard,4,1,0,0,2,24641396,2854
1025,1,premium,4,2,0,0,1,7038616,6867
2086,2,premium,5,1,0,0,3,17541737,4205
1493,1,standard,2,1,1,1,1,6692662,4483
4191,1,standard,6,2,0,0,2,12049296,2875
946,1,standard,5,1,0,1,1,3998118,4226
7831,2,standard,3,4,1,0,1,61986371,3958
1671,1,standard,5,1,0,1,3,4898915,2932
2548,2,premium,5,2,0,0,2,29159177,5722
3682,2,premium,6,4,1,0,3,44171673,5998
7689,1,standard,6,3,0,0,1,27306911,3551
7080,1,standard,2,1,0,0,3,15172318,2143
7482,1,premium,5,3,0,0,2,41338660,5525
4026,3,premium,4,1,0,0,2,60628544,5020
6234,2,luxury,6,3,0,0,2,103048483,8265
650,2,luxury,3,2,0,0,3,10345091,7958
1781,2,standard,3,3,0,0,3,9155420,2570
9585,3,luxury,4,4,1,0,1,403955893,14048
5239,1,standard,6,2,0,0,1,17362162,3314
3796,2,luxury,6,1,0,1,2,77563561,10216
5618,1,luxury,2,1,1,0,1,71890134,12796
5917,2,premium,3,4,0,0,2,64602927,5459
7069,2,premium,3,1,0,1,2,67130932,4748
7389,1,premium,2,1,0,0,3,31714736,4292
2610,2,standard,4,4,0,0,1,16400212,3142
9321,2,premium,6,4,0,0,1,103620156,5558
4801,3,standard,5,1,0,0,1,44449239,3086
8485,1,premium,6,1,0,1,3,38313742,4515
5407,1,premium,4,4,0,0,3,24324604,4499
749,2,standard,4,1,0,0,1,5443235,3634
7548,2,luxury,6,3,0,0,1,147345065,9761
9765,2,premium,6,2,1,0,1,163573549,8376
5402,2,standard,4,3,0,0,2,28244907,2614
3121,2,standard,3,3,0,1,2,16703408,2676
2282,3,premium,5,2,1,1,1,48767557,7124
4418,1,standard,4,2,0,1,1,16318484,3694
3929,2,luxury,2,3,1,0,3,79645730,10136
8848,3,premium,6,2,1,1,1,161878149,6098
8269,2,premium,6,2,0,0,2,88830655,5371
2956,2,standard,5,4,0,1,1,20374597,3446
5909,1,standard,6,1,0,0,2,16812115,2845
5785,3,luxury,3,2,0,0,3,148325294,8547
6992,1,standard,6,2,0,0,1,21932352,3137
6951,3,standard,3,1,0,1,2,57010997,2734
7823,2,standard,4,1,0,0,2,49378074,3156
5238,2,luxury,3,1,0,1,1,117582363,11224
3224,1,luxury,5,4,0,0,3,26449784,8204
8799,2,premium,3,1,0,1,1,103391474,5875
7886,3,standard,5,2,0,0,1,69126698,2922
4783,2,standard,6,4,0,0,1,33284386,3479
7645,2,standard,6,2,0,0,2,40559828,2653
1149,2,premium,3,3,1,1,1,19472990,8474
1761,3,standard,5,1,0,0,3,12350416,2338
1230,1,standard,4,4,0,0,3,4078119,3316
4116,2,premium,6,1,0,0,1,45860840,5571
3952,2,premium,3,4,0,0,3,32348460,4093
3893,1,premium,4,3,0,0,1,22678987,5826
9979,1,premium,3,2,0,0,2,51367537,5148
3966,2,standard,6,4,1,0,1,34131599,4303
1131,3,luxury,2,1,0,0,2,30842372,9090
3738,3,luxury,3,1,0,0,2,107203074,9560
7258,1,standard,3,1,0,0,1,25020471,3447
3218,3,standard,5,3,0,0,1,32787629,3396
5535,1,luxury,2,1,0,0,2,54612858,9867
3926,1,standard,6,2,0,1,3,10361211,2639
8169,3,standard,2,4,0,0,1,84963821,3467
6699,1,standard,4,3,0,1,3,19949060,2978
3988,2,standard,6,2,0,0,1,23662873,2967
7157,1,premium,2,4,0,0,2,39328060,5495
9866,3,premium,2,1,0,0,1,183214681,6190
4422,1,standard,3,2,0,0,2,13424250,3036
4166,1,standard,3,1,0,0,2,12800798,3073
2811,2,standard,4,4,0,0,2,16046617,2854
5973,2,luxury,2,1,0,1,3,86415658,7234
7190,2,standard,5,1,1,0,2,54752942,3808
1796,1,premium,4,2,0,0,3,9246824,5149
9373,2,premium,6,3,0,0,2,105268235,5616
6547,3,premium,2,3,0,0,1,108101802,5504
6921,3,luxury,5,3,0,0,2,176270733,8490
6151,2,premium,4,1,0,0,2,67569323,5493
2089,1,standard,5,4,1,0,1,10093330,4832
6348,3,standard,3,2,1,0,1,76556931,4020
6081,1,premium,2,3,0,1,2,36385730,5984
8509,2,standard,2,1,0,0,3,41417038,2434
1914,2,luxury,2,3,0,1,3,31031469,8106
7029,2,standard,4,4,0,0,1,46032222,3274
9501,3,luxury,5,4,1,0,2,348924749,12242
1973,2,premium,2,3,1,0,2,27469027,6961
6611,2,standard,3,2,0,0,1,43231561,3270
1862,3,standard,3,4,0,0,2,15381230,2754
3618,3,luxury,3,3,0,1,1,122948149,11327
6791,3,luxury,5,1,0,0,2,194764978,9560
9090,2,standard,6,1,0,1,1,61869769,3403
1845,2,standard,3,1,0,1,1,11162471,3025
8445,2,premium,4,1,0,1,3,82895583,4908
2082,2,standard,3,1,0,0,2,11900311,2858
7724,2,premium,3,3,1,1,1,119156293,7713
1684,3,premium,5,3,0,1,1,27570328,5457
2176,3,premium,2,4,0,0,2,35186074,5390
8450,1,luxury,3,2,0,0,1,96823119,11458
2600,1,luxury,4,2,1,1,1,43627160,16780
6774,1,luxury,2,2,0,1,1,79081609,11674
6321,2,standard,2,4,0,0,3,30087109,2380
4510,2,luxury,5,4,0,0,1,97234984,10780
5652,2,standard,5,2,1,0,1,47119388,4168
2574,2,premium,4,3,0,0,3,23802487,4624
7705,2,standard,4,1,1,0,2,56059907,3638
8031,3,premium,4,1,0,0,1,120862699,5017
3539,2,premium,2,3,0,1,1,44132474,6235
4064,1,premium,2,1,1,1,2,31303760,7703
1078,2,standard,2,2,0,1,1,6870483,3187
1291,2,standard,5,3,0,0,3,6755503,2616
7997,3,premium,4,2,0,1,2,131234219,5470
7218,1,standard,6,2,0,1,1,24419728,3383
1501,2,premium,5,4,1,0,3,18272415,6087
8489,2,premium,6,3,0,0,3,74887698,4411
5230,1,luxury,3,1,0,1,1,56162631,10739
2870,2,premium,3,1,0,1,1,34089889,5939
8106,2,premium,6,1,0,1,1,102543954,6325
4995,2,standard,6,3,0,1,2,30472326,3050
5781,2,premium,2,3,1,1,3,66259039,5731
6413,2,luxury,6,2,1,1,1,199605349,15563
4084,2,standard,3,1,1,0,2,28143235,3446
6663,2,premium,6,2,0,0,3,50951604,3823
2406,2,standard,6,4,1,0,3,14224628,2956
1968,1,premium,6,3,1,0,2,14922973,7583
7225,3,premium,4,3,0,0,2,94410433,4356
8140,1,luxury,4,3,1,1,2,118569250,14566
3199,2,standard,3,3,0,0,1,22145970,3461
1452,1,premium,2,2,0,0,2,8957092,6169
7036,3,standard,6,1,0,0,1,77268548,3661
1428,2,premium,2,4,0,1,2,17945060,6283
7080,1,standard,3,3,0,0,1,25253626,3567
3547,1,standard,3,3,1,0,3,10897470,3072
9485,1,standard,4,1,0,0,2,32109862,3385
3404,2,premium,4,4,0,0,1,38722756,5688
2911,1,standard,5,3,0,0,1,9862700,3388
6035,2,premium,2,4,1,1,2,92725478,7682
1193,2,standard,5,1,0,1,1,8204192,3438
8283,1,luxury,4,4,0,0,1,83803090,10117
5146,3,premium,4,1,1,0,1,123225152,7982
9720,2,premium,4,1,0,1,1,105980922,5452
6267,1,luxury,5,4,0,0,2,62189806,9923
6048,2,luxury,2,4,0,0,2,125835969,10403
3771,2,luxury,6,1,0,0,3,54038868,7165
2157,3,premium,6,3,0,0,1,41430219,6402
2632,2,standard,2,3,0,0,2,15181571,2884
6344,2,luxury,3,3,1,0,1,191102649,15062
4426,1,premium,2,4,0,0,1,30818383,6963
2864,3,premium,4,3,0,0,3,34467470,4012
8709,3,premium,4,2,0,1,2,145251854,5559
6280,2,standard,5,3,0,0,1,36808253,2931
2085,3,luxury,6,1,0,0,2,65615968,10490
6495,3,standard,4,2,0,0,1,56798266,2915
9491,2,standard,2,2,1,0,3,66087055,3482
6936,2,luxury,5,4,0,0,1,142784191,10293
3570,2,standard,6,4,1,0,2,24059824,3370
4075,3,premium,4,4,0,0,3,49034891,4011
6484,2,standard,3,4,0,0,1,37434960,2887
9187,2,premium,2,2,1,0,2,133663540,7275
4861,1,luxury,4,4,0,1,3,40445590,8320
5745,1,standard,2,2,0,1,3,14190909,2470
1960,2,luxury,3,1,0,0,2,40562364,10348
4470,3,premium,3,2,1,0,2,86414480,6444
9104,1,standard,2,2,1,0,3,25744917,2828
3715,2,standard,3,1,0,0,2,20768752,2795
3025,1,standard,4,3,1,0,2,11622818,3842
9506,2,luxury,3,4,0,0,1,188436536,9911
3254,2,luxury,4,1,0,1,2,66973735,10291
7352,2,premium,2,3,0,1,1,79358782,5397
8954,3,standard,5,2,0,0,3,52615653,1959
5366,3,luxury,6,2,0,1,2,135101733,8392
1384,2,luxury,2,4,0,1,2,28031576,10127
5516,2,luxury,2,3,1,1,3,113929430,10327
6152,1,standard,5,3,0,1,2,20916966,3400
9432,1,premium,6,2,1,0,3,53032927,5623
6231,1,luxury,4,1,1,0,1,85499503,13722
7992,1,luxury,4,3,0,0,2,74197792,9284
4696,2,luxury,4,1,1,0,1,147932538,15751
1247,1,premium,3,4,1,0,1,10564976,8472
2728,3,luxury,2,2,0,1,1,81912646,10009
8128,1,premium,3,1,0,0,2,41531216,5110
3166,2,luxury,2,4,1,0,2,81060285,12802
2356,2,luxury,2,3,0,1,1,49384152,10481
8699,1,standard,6,4,0,1,1,27998959,3219
3310,3,luxury,6,2,0,1,3,81051408,8162
3293,2,premium,3,4,0,1,1,39475421,5994
2973,2,standard,3,3,0,1,2,16848301,2834
4968,2,premium,6,2,0,0,2,57317201,5769
1570,3,standard,2,3,0,1,1,16746262,3555
7653,1,standard,4,3,0,1,2,21541603,2815
2715,3,standard,6,4,0,0,2,21982225,2699
6093,2,luxury,2,1,1,0,1,161784054,13276
4322,2,premium,4,1,0,1,2,45675930,5284
8865,1,standard,4,3,1,0,2,35211968,3972
5256,1,premium,3,3,0,1,1,34945901,6649
5575,3,standard,6,2,1,1,1,59047136,3530
7323,2,standard,4,3,0,0,2,42236533,2884
9046,2,standard,2,4,0,0,2,49146346,2716
855,2,premium,2,1,0,1,1,10134621,5927
7353,2,standard,6,4,0,1,2,43091550,2930
4699,2,standard,4,1,0,1,1,29272891,3115
3632,1,standard,3,3,0,0,2,12860413,3541
5410,2,premium,6,1,1,0,2,77055787,7122
1039,2,standard,2,4,1,0,1,8912989,4289
2197,1,premium,4,4,0,1,1,15518643,7064
9077,2,standard,2,4,1,0,2,61827083,3406
7658,1,standard,3,1,0,0,2,26461559,3455
9981,3,premium,2,3,0,0,2,150724979,5034
8984,3,luxury,2,1,0,0,1,280209188,10397
7668,1,premium,3,2,0,0,1,47330139,6172
1131,2,standard,5,2,0,0,3,6256686,2766
8335,2,luxury,4,4,0,1,3,156784081,9405
5898,1,premium,4,3,0,0,3,25622417,4344
2069,3,premium,6,2,1,0,2,48624810,7834
6140,2,premium,3,2,0,0,1,68024309,5539
4149,3,luxury,4,1,0,1,2,129609346,10413
1345,2,standard,4,3,0,1,3,7457687,2772
8170,2,premium,3,4,0,0,2,89019223,5448
8377,2,standard,3,1,0,1,2,45231640,2700
3577,3,standard,4,3,0,0,1,34709878,3235
1230,1,standard,2,3,1,0,2,5038836,4097
8429,1,premium,4,2,0,1,1,52488447,6227
4814,1,standard,4,3,0,0,2,14269419,2964
5244,2,standard,2,4,0,1,1,33588631,3203
2069,1,premium,6,1,0,0,2,11437788,5528
5882,3,premium,5,2,0,0,1,101571002,5756
2465,1,premium,3,2,0,1,1,17067415,6924
4390,3,standard,5,3,0,0,1,34689668,2634
4100,2,luxury,3,4,0,0,2,73888053,9011
2886,2,luxury,4,4,0,0,2,54534219,9448
4314,2,standard,5,4,0,1,1,27767080,3218
1505,2,standard,6,2,0,0,2,8603102,2858
1155,2,luxury,4,2,0,0,1,25388268,10991
6837,2,luxury,6,4,0,1,1,155198329,11350
4359,3,luxury,2,1,1,0,1,181575030,13885
4719,2,premium,3,3,0,0,1,51788733,5487
4592,3,premium,2,3,0,0,1,77877351,5653
7212,2,premium,5,3,0,0,2,73133017,5070
7145,3,standard,5,4,0,0,2,58435579,2726
3450,1,premium,6,1,0,1,2,19689896,5707
4346,1,premium,6,2,0,0,1,28899653,6650
3755,2,premium,5,1,0,0,1,49547122,6597
3002,1,luxury,4,1,0,0,1,34573658,11517
8240,2,standard,6,4,0,0,1,50296024,3052
4749,1,premium,2,2,0,0,1,29807687,6277
4160,1,luxury,3,2,0,0,2,42195005,10143
779,1,luxury,5,4,0,1,2,9410796,12081
3681,3,standard,3,2,1,0,3,33313764,3017
978,3,luxury,2,2,0,0,1,33668562,11475
8954,3,premium,4,3,0,0,1,134261088,4998
4726,3,standard,3,4,1,0,1,58560562,4130
5822,3,standard,6,3,0,1,3,47110154,2697
5630,1,standard,2,4,0,0,2,19261597,3421
2848,2,premium,6,4,0,0,2,27214698,4778
3383,1,standard,3,2,0,0,1,11436769,3381
8486,2,luxury,3,3,0,0,1,151413361,8921
3799,3,luxury,5,1,0,0,1,115907884,10170
2575,3,standard,5,3,0,0,2,23866450,3090
8206,1,standard,2,1,0,0,2,23985288,2923
8738,2,premium,2,4,0,1,2,103150826,5902
1667,3,premium,4,2,0,1,1,26968803,5393
2583,3,standard,5,3,1,1,1,27767976,3583
3785,3,luxury,3,3,0,0,1,111380528,9809
7702,2,premium,5,4,0,1,2,79165518,5139
2971,2,premium,2,2,0,0,1,31933714,5374
3889,2,standard,2,4,0,0,2,20687959,2660
8234,3,standard,4,4,1,1,1,99447495,4026
5045,2,standard,4,3,1,1,2,41105873,4074
9552,2,premium,5,3,1,0,2,114859808,6012
9559,2,premium,5,2,0,1,1,125203115,6549
5992,2,premium,4,3,0,0,1,71650477,5979
4915,2,premium,4,4,1,0,2,71242742,7247
3853,2,standard,3,1,0,0,2,23102933,2998
5085,2,luxury,4,4,1,0,3,108138187,10633
9447,1,standard,2,1,0,0,1,35226530,3729
1094,3,luxury,4,4,0,0,1,36315972,11065
2494,2,standard,5,4,0,0,2,14239900,2855
9064,2,luxury,2,3,0,1,2,173144803,9551
2945,2,premium,2,4,0,0,1,31179101,5294
7923,2,standard,6,1,0,0,2,41565093,2623
7853,3,luxury,3,2,0,1,3,181896744,7721
3481,3,standard,6,4,0,0,1,30710400,2941
6802,2,premium,2,4,0,0,1,84784174,6232
4108,2,premium,5,4,0,1,1,52398658,6378
8987,2,standard,2,1,0,0,1,49926388,2778
1753,1,luxury,2,1,0,0,2,18577734,10598
3335,1,standard,4,4,1,1,2,14595484,4376
2228,1,premium,4,3,0,0,3,11472802,5149
9536,2,premium,6,2,0,1,3,78217207,4101
9670,3,standard,4,4,0,1,2,83528879,2879
3485,3,premium,2,3,0,1,2,61554205,5888
4759,3,standard,3,3,0,0,2,40450192,2833
9343,2,standard,5,1,0,0,2,53753196,2877
8496,1,standard,2,4,0,1,3,21737226,2559
4653,3,standard,2,4,1,1,1,53490552,3832
1698,2,standard,2,1,0,0,1,10647254,3135
8603,3,standard,3,4,0,0,1,69785548,2704
4867,2,luxury,2,4,1,0,2,134363551,13804
8861,1,premium,5,4,0,1,1,56575829,6385
1823,2,luxury,4,4,0,0,1,38771579,10634
9113,2,standard,4,4,0,0,2,58342597,3201
8176,2,standard,6,1,1,0,2,55613926,3401
3511,1,premium,6,2,0,1,2,20540162,5850
3261,2,standard,6,1,0,0,1,21791688,3341
1317,3,premium,6,2,1,1,1,30931427,7829
3565,1,premium,3,3,0,1,1,26688075,7486
2854,2,standard,4,2,0,1,1,21411269,3751
3051,3,standard,2,3,0,0,1,30389075,3320
2454,3,luxury,5,3,0,0,3,55260879,7506
7538,1,standard,4,4,0,0,1,25318215,3359
2779,1,premium,2,3,0,0,1,18100680,6513
8525,2,standard,4,4,0,0,2,52389565,3073
8805,1,standard,3,2,0,0,2,24374722,2768
5382,2,premium,3,1,0,0,2,54004482,5017
8612,1,luxury,3,1,0,0,1,89906349,10440
1556,1,premium,5,1,0,1,1,10971421,7051
9147,2,standard,3,4,0,1,1,59832733,3271
5368,1,premium,5,2,0,0,1,34761151,6476
5560,1,standard,6,2,1,0,1,23626782,4249
8580,3,luxury,5,2,0,0,1,239382114,9300
2343,3,standard,4,4,0,1,2,18178106,2586
5613,1,standard,3,4,0,0,2,16907365,3012
6338,2,premium,2,2,1,0,1,83454753,6584
3305,3,standard,2,2,0,1,2,28902546,2915
4247,1,standard,3,4,0,1,1,13889242,3270
9599,2,standard,2,3,0,1,2,48491348,2526
2652,3,luxury,4,1,0,1,1,82480446,10367
6347,2,standard,2,3,1,0,2,48743866,3840
2058,3,premium,2,2,0,0,2,33042755,5352
4095,2,premium,2,2,1,1,1,72535035,8857
5712,2,luxury,3,3,0,1,1,109658805,9599
6568,2,standard,4,2,0,0,1,41532655,3162
1500,1,standard,6,2,0,0,3,4452152,2968
3487,2,standard,6,1,1,1,2,25365250,3637
1305,1,premium,3,3,1,1,1,10798759,8275
3080,2,standard,6,4,1,0,2,23574519,3827
3221,2,standard,2,4,0,1,1,23645210,3670
9951,1,premium,4,2,0,0,1,52311609,5257
3143,2,premium,3,2,0,1,1,36620875,5826
7634,3,standard,6,3,0,0,2,60725140,2652
8882,2,standard,4,1,0,0,2,53102274,2989
3466,2,luxury,3,3,0,0,3,56842074,8200
2909,2,premium,4,3,0,0,1,37189910,6392
3337,3,premium,5,2,0,0,2,49998930,4994
3211,3,standard,3,4,0,0,1,33373112,3464
3923,2,premium,3,4,0,0,1,39916691,5088
2018,2,standard,6,2,0,0,3,9552720,2367
6848,2,premium,2,2,0,0,1,79488806,5804
8292,3,standard,2,4,1,1,2,102435488,4118
5822,2,premium,3,4,0,1,2,59883244,5143
1112,2,premium,2,1,0,0,2,12216274,5493
3981,2,luxury,6,2,0,0,3,64036608,8043
8291,2,luxury,4,2,1,0,1,201501464,12152
8392,2,luxury,5,2,0,1,1,195915494,11673
5402,1,premium,2,2,0,1,2,34570088,6399
1667,2,luxury,3,3,0,1,1,33622152,10085
2934,2,standard,2,3,1,0,1,24087103,4105
9662,2,luxury,5,3,0,0,2,185041846,9576
9760,2,standard,6,1,0,1,1,59507936,3049
2256,1,standard,2,1,0,0,2,6540444,2899
7963,2,standard,2,1,0,0,1,50184227,3151
3390,1,luxury,4,3,0,0,2,33658037,9929
6976,1,standard,5,2,1,1,1,34216506,4905
8336,1,standard,5,2,0,0,3,21349677,2561
5163,2,premium,5,2,0,0,3,42900917,4155
9137,2,standard,3,2,0,1,1,51733711,2831
3406,2,standard,4,3,1,0,2,28900495,4243
3825,1,premium,6,1,0,0,1,22561029,5898
4320,2,standard,6,4,0,0,3,18782673,2174
6167,3,premium,4,4,0,1,2,90424111,4888
8774,2,luxury,2,2,0,0,2,145180719,8273
8895,2,premium,4,3,0,1,1,100940967,5674
2735,3,premium,6,1,0,0,2,41932104,5111
5964,1,standard,4,2,0,0,2,18386581,3083
7693,2,luxury,4,4,0,0,1,151417893,9841
1157,2,premium,2,4,1,0,1,17628724,7618
699,2,standard,6,2,1,0,2,5793961,4144
9587,2,premium,2,1,1,1,1,164208092,8564
7512,2,premium,6,2,1,1,2,99301584,6610
1900,2,luxury,6,4,0,0,2,36644390,9643
6259,1,premium,5,1,0,1,2,36707595,5865
5294,1,standard,3,3,0,1,1,18091160,3417
5160,2,premium,2,4,1,1,1,89981282,8719
4107,2,standard,5,2,0,0,2,20755209,2527
3119,2,luxury,2,1,0,0,1,64718830,10375
852,3,standard,4,2,0,0,2,7947370,3109
6613,1,premium,6,3,0,1,3,28820799,4358
3832,2,luxury,5,3,0,0,1,80814882,10545
2896,1,premium,3,3,0,0,2,16918220,5842
7457,1,premium,2,4,0,0,1,40031978,5368
6725,1,standard,5,3,0,0,2,20800892,3093
1578,2,standard,6,2,0,1,2,10923547,3461
9695,1,standard,3,2,0,0,2,24817944,2560
8717,1,luxury,6,3,1,0,1,134733052,15456
8360,2,premium,6,4,0,0,3,61712503,3691
7381,3,standard,3,3,0,0,1,70924280,3203
777,3,standard,3,2,1,1,3,8618361,3697
4818,2,luxury,2,4,1,1,3,100374130,10417
4341,2,luxury,5,2,0,1,1,98029686,11291
4681,2,premium,6,3,0,1,2,45937720,4907
7706,2,luxury,4,4,1,0,2,217752806,14129
3490,1,premium,6,3,0,0,2,18822359,5393
8196,2,luxury,4,2,0,0,1,189961403,11589
3638,3,standard,3,2,0,0,2,29228457,2678
804,2,luxury,5,1,1,1,1,26257911,16330
4095,1,premium,6,4,0,0,1,25356195,6192
2645,1,premium,4,3,0,1,1,17486559,6611
6429,2,premium,4,3,0,0,3,48984837,3810
5978,3,premium,3,2,0,0,1,101750309,5674
631,2,premium,6,4,0,0,2,7202224,5707
5557,2,premium,3,2,0,0,3,50728415,4564
6281,1,standard,4,1,1,0,1,30174519,4804
6697,2,luxury,2,2,0,1,2,120155255,8971
8058,3,premium,3,2,0,0,1,129609485,5362
4835,1,premium,5,1,1,0,1,37096007,7672
5114,3,standard,2,3,0,0,1,44757868,2917
4957,3,luxury,2,2,1,0,2,168495204,11330
631,2,standard,6,4,1,1,2,6463331,5121
4947,3,premium,4,2,0,0,2,84778159,5712
8669,2,standard,3,1,1,1,3,61321577,3537
7875,2,premium,4,4,0,1,2,88516445,5620
3817,2,standard,3,4,0,0,2,18956133,2483
7332,1,standard,3,3,0,1,3,18770663,2560
2920,1,luxury,6,1,1,0,2,43755672,14985
9912,1,luxury,3,2,0,0,2,107129311,10808
7690,1,premium,2,2,0,0,1,42414718,5516
5645,3,luxury,4,2,1,0,1,241609825,14267
1269,3,luxury,2,1,1,1,1,46146238,12121
2635,1,luxury,4,3,0,0,1,32950269,12505
4679,2,standard,2,1,1,0,3,30748264,3286
1873,1,premium,4,4,0,0,2,11391947,6082
1503,3,premium,6,3,0,1,1,28797710,6387
2866,3,luxury,6,2,0,0,1,83088668,9664
6724,2,luxury,6,3,0,1,3,100757297,7492
2559,2,luxury,5,2,0,0,1,51612062,10084
9477,3,standard,2,3,1,1,1,119796628,4214
6650,1,standard,5,2,0,0,2,21087716,3171
1180,2,premium,3,4,0,0,1,16349979,6928
4171,2,premium,4,3,0,1,2,49365274,5918
2489,1,standard,3,2,0,0,3,6362245,2556
8469,1,premium,4,4,0,0,3,38016299,4489
4197,1,premium,6,4,0,1,1,26219999,6247
6343,3,standard,5,4,0,1,2,58684296,3084
5311,3,standard,3,1,1,0,2,57675332,3620
6372,2,standard,3,2,1,0,1,54066342,4242
5882,2,standard,4,4,0,0,2,33422024,2841
6836,2,premium,3,2,0,1,2,74271410,5432
3702,1,luxury,4,1,0,0,1,40857386,11037
6929,1,premium,6,1,1,0,2,48197900,6956
1186,3,standard,5,4,1,0,1,15093934,4242
4747,2,premium,5,3,0,0,1,49666052,5231
5420,3,premium,6,4,0,0,1,101489616,6242
6119,2,premium,5,4,0,0,2,62615407,5116
9968,1,standard,5,3,0,1,1,36158635,3627
6547,2,premium,5,1,1,0,3,80815005,6172
2877,3,premium,5,2,1,1,1,70688665,8190
3183,1,premium,2,2,0,1,1,19258674,6050
5076,1,standard,5,3,0,0,3,12342600,2432
4992,3,standard,3,4,1,1,1,59152963,3950
7360,2,standard,3,4,0,0,1,44634840,3032
839,2,standard,5,3,0,0,1,5542247,3303
2219,2,premium,4,3,0,1,1,28407337,6401
2279,2,premium,3,4,0,1,3,22252835,4882
6387,2,standard,4,3,0,0,1,43667961,3419
1292,2,luxury,3,2,0,0,1,28389104,10986
8945,2,luxury,5,1,0,1,1,184544611,10316
2948,3,luxury,3,4,0,0,1,92696393,10481
6194,2,premium,2,4,1,0,2,82120804,6629
5379,2,luxury,5,3,0,1,1,110642525,10285
7114,2,standard,6,2,0,0,2,40966557,2879
8446,2,standard,2,1,0,1,2,49926685,2956
8290,2,standard,3,3,1,1,1,64649440,3899
1906,3,standard,6,4,0,0,1,16867440,2950
3921,1,luxury,3,2,0,0,2,38861865,9911
3007,2,standard,6,2,0,0,1,21556753,3584
3957,2,premium,3,2,0,1,2,38066766,4810
1324,2,premium,4,3,0,0,1,15818155,5974
9608,2,premium,3,1,1,1,2,135522524,7053
9936,1,standard,5,4,0,0,1,36008378,3624
7513,2,standard,2,3,1,1,2,63036137,4195
2721,2,standard,6,3,0,0,1,17815193,3274
5903,1,premium,3,4,0,1,2,32020090,5424
2296,1,premium,2,4,0,0,1,12929541,5631
3454,2,standard,4,3,0,0,1,20242973,2930
3698,1,premium,3,1,0,0,2,22855191,6180
9213,3,luxury,4,4,0,0,1,254978534,9225
9825,2,premium,6,1,1,0,3,95729168,4872
8525,2,premium,5,1,1,0,2,126628764,7427
8212,2,standard,4,4,0,1,2,49658394,3024
2323,2,standard,5,1,0,0,2,12609147,2714
7904,2,premium,3,2,1,0,2,122917611,7776
9702,3,standard,6,3,0,0,2,74733520,2568
2842,1,premium,6,3,0,0,3,15442885,5434
4703,1,premium,4,3,0,1,2,29090526,6186
6201,2,luxury,5,2,0,1,1,138350992,11156
7732,3,standard,6,4,0,1,1,66973712,2887
7904,1,standard,5,2,0,0,2,25999239,3289
5369,2,standard,6,1,0,0,2,26907058,2506
3576,3,premium,5,1,0,1,3,40305544,3757
5027,3,standard,6,2,0,0,1,48300418,3203
3974,2,luxury,5,4,0,1,3,56784109,7144
8722,1,standard,6,4,1,0,2,33991428,3897
4015,1,standard,2,4,0,0,2,10910591,2717
8557,3,luxury,5,4,0,1,3,204475293,7965
8884,1,luxury,3,3,0,1,2,101518268,11427
4269,2,standard,5,4,0,0,2,21693107,2541
9470,2,standard,5,3,0,0,1,62132278,3280
1836,2,standard,6,4,1,0,2,13758463,3747
2556,3,luxury,2,4,1,1,1,111992688,14605
6049,2,premium,6,2,0,0,2,57834771,4781
2380,3,luxury,2,3,0,0,2,74043970,10370
3356,2,premium,5,4,0,0,3,28402821,4232
2283,2,standard,2,4,0,0,2,12800763,2803
2168,1,luxury,6,3,1,0,2,31461931,14512
6145,2,luxury,4,1,0,0,2,105850496,8613
8643,1,luxury,4,1,0,0,1,81675159,9450
9001,2,standard,2,2,0,0,3,43166433,2398
8869,2,standard,4,2,0,0,1,62251126,3509
6535,1,premium,2,1,1,0,2,42511784,6505
1059,2,standard,6,3,0,0,2,6535656,3086
4927,2,premium,4,2,0,0,2,50688999,5144
1371,2,luxury,6,2,1,0,1,37604021,13714
4136,1,standard,5,1,1,0,2,16526879,3996
7543,2,premium,6,2,0,0,3,64698094,4289
2108,1,premium,5,2,0,0,2,11610132,5508
1305,2,luxury,3,1,0,1,2,23315492,8933
5403,1,premium,4,4,0,0,1,35092614,6495
3506,1,premium,5,1,1,0,3,20966643,5980
9462,2,standard,6,4,0,0,2,61191036,3234
5926,2,premium,4,4,0,0,2,62036023,5234
7380,2,standard,2,4,0,0,2,42041995,2848
9022,1,luxury,5,3,0,1,3,88443108,9803
2702,1,luxury,6,2,1,1,1,46673583,17274
2954,1,luxury,2,2,0,1,2,35114958,11887
854,3,luxury,2,3,0,1,3,18158792,7088
1791,3,luxury,6,2,0,0,1,61333339,11415
1738,2,standard,5,4,0,1,3,8727961,2511
7394,2,standard,3,1,0,1,1,44370868,3000
4977,2,standard,3,1,1,1,2,40457658,4064
7747,1,luxury,2,3,0,0,2,75618827,9761
1024,3,standard,5,2,0,0,1,10741363,3497
1051,1,standard,3,4,0,1,3,3614456,3439
2812,2,standard,6,4,0,0,2,14581436,2593
6510,2,standard,5,3,0,0,3,31220205,2398
7530,2,luxury,4,3,1,1,1,202742115,13462
9353,2,standard,4,4,0,1,2,48494758,2592
9956,1,luxury,6,2,0,0,1,104272196,10473
1381,1,luxury,4,2,1,1,2,20896797,15132
5898,2,premium,5,2,1,1,1,88786017,7527
7651,1,luxury,3,3,0,0,2,81029752,10591
4523,3,standard,2,2,0,1,1,47728217,3517
7944,1,premium,2,1,0,0,3,32577304,4101
8172,1,standard,4,3,0,0,1,27921840,3417
8733,3,premium,5,3,1,1,2,175458383,6697
5748,1,premium,3,1,0,0,3,26617362,4631
6904,3,standard,6,2,0,0,2,64801299,3129
6318,2,premium,4,1,0,0,1,71732263,5677
5859,3,premium,5,3,0,1,3,78462789,4464
5446,1,standard,5,3,0,0,1,17306556,3178
5158,2,luxury,4,3,0,0,2,97391009,9441
2513,1,premium,6,3,1,0,2,20702514,8238
9156,3,standard,4,2,0,0,1,89205928,3248
6867,2,premium,4,1,1,0,2,81465833,5932
3264,3,premium,5,1,0,0,2,49985899,5105
2267,1,standard,2,3,0,0,3,6519001,2876
6743,2,premium,2,4,0,1,1,74748245,5543
5491,3,premium,5,2,0,0,1,95656247,5807
9527,2,standard,4,2,0,0,3,45299649,2377
4049,1,standard,4,4,0,1,2,13391050,3307
4994,2,luxury,5,1,0,1,2,93564743,9368
3514,2,standard,3,4,1,0,2,23647513,3365
4672,2,standard,3,4,0,0,1,34560665,3699
8881,1,luxury,6,4,0,0,1,114801825,12927
9856,1,standard,3,4,1,0,3,30689335,3114
9422,2,standard,4,4,1,1,1,79442116,4216
8998,3,luxury,6,1,0,0,1,260162921,9638
1264,1,premium,2,2,0,0,1,8245551,6523
1140,2,standard,5,3,0,1,1,8210446,3601
7120,1,luxury,4,2,0,0,1,88884018,12484
5570,2,standard,3,1,0,0,3,26414131,2371
2319,1,standard,6,1,0,0,3,6797830,2931
8559,1,standard,4,4,0,0,2,23644796,2763
767,2,premium,5,3,0,0,3,8284774,5401
7077,3,standard,3,3,0,0,3,47906320,2256
8887,2,standard,3,4,0,0,1,52781420,2970
912,2,premium,5,4,0,0,1,11139430,6107
7972,3,premium,5,1,0,1,2,117345935,4907
1445,2,luxury,3,2,0,1,1,28009243,9692
4138,1,luxury,5,3,0,1,3,35898237,8675
3376,2,standard,5,2,0,0,1,19501184,2888
6268,2,premium,2,3,0,0,2,71808681,5728
8865,1,luxury,4,4,0,0,2,88309426,9962
6569,3,standard,6,2,0,0,2,47208050,2395
7802,3,luxury,2,4,0,0,3,164611837,7033
886,3,premium,3,3,0,0,2,12800981,4816
7709,1,premium,4,1,0,1,2,41842270,5428
7327,2,luxury,4,4,1,0,1,197803273,13498
5532,2,luxury,2,2,0,0,1,125864511,11376
4834,3,standard,3,4,0,1,3,35717640,2463
3432,3,standard,6,4,1,0,1,41577134,4038
6329,3,standard,4,2,0,0,1,59607974,3139
3945,2,standard,6,4,0,0,3,17203418,2180
8361,3,luxury,3,1,0,0,2,238204127,9497
7029,1,standard,2,3,0,0,1,24877670,3539
844,2,premium,4,2,0,0,2,8823769,5227
8481,2,standard,4,3,1,1,2,69406423,4092
3761,2,luxury,3,4,1,0,2,95010230,12631
3301,2,luxury,3,4,0,0,3,53921939,8168
4110,2,premium,6,4,0,0,2,38544859,4689
5284,2,luxury,4,4,0,1,3,84594743,8005
4883,2,standard,2,3,0,0,2,27045028,2769
5195,2,premium,4,4,0,1,2,56556294,5443
6856,1,premium,4,3,0,1,1,47264432,6894
5756,2,luxury,3,2,1,1,2,127446967,11071
1973,1,premium,5,3,0,1,3,10685072,5416
4996,1,standard,5,1,0,0,3,12146941,2431
1775,1,luxury,5,4,0,0,2,17117201,9643
8649,2,premium,2,2,0,0,2,86092554,4977
1569,3,premium,4,1,0,0,3,21941031,4661
8049,1,premium,6,3,0,0,1,54550957,6777
2601,3,luxury,4,2,1,0,3,88648242,11361
4033,2,luxury,6,1,0,0,3,64031582,7938
4987,2,standard,6,1,0,1,1,31114375,3120
831,2,premium,2,2,0,1,1,11951160,7191
7831,1,premium,3,1,0,0,1,46264739,5908
9026,1,luxury,2,4,0,0,2,89726390,9941
3756,2,premium,2,1,0,0,2,36534301,4863
7788,3,luxury,4,4,0,0,3,165045169,7064
4647,3,luxury,6,2,0,0,3,92960360,6668
6318,1,premium,4,4,1,0,1,48797235,7724
5882,1,premium,3,4,0,1,1,36855810,6266
5603,2,luxury,3,3,0,0,2,98388864,8780
5633,2,premium,6,3,0,1,1,61440670,5454
5155,3,luxury,5,4,0,1,3,139822152,9041
7988,2,premium,3,4,0,0,1,95577836,5983
5860,2,standard,2,3,0,1,2,35521555,3031
1951,1,standard,2,2,0,0,3,4697942,2408
2167,1,standard,4,2,0,0,1,8191170,3780
2502,2,standard,2,1,0,1,2,14610260,2920
5451,2,luxury,5,4,0,0,2,104997351,9631
9806,1,luxury,2,3,0,0,1,107947887,11008
5776,2,standard,3,4,0,1,1,34190309,2960
6144,2,standard,6,4,0,0,1,35075717,2854
7349,2,standard,6,1,1,0,1,57956932,3943
6552,1,standard,3,3,1,0,2,24735115,3775
5253,1,premium,4,4,0,1,2,31094831,5919
1324,2,premium,5,1,1,0,2,17007993,6423
8230,2,standard,4,2,0,1,2,49205032,2989
9784,2,standard,5,4,0,0,2,52697503,2693
801,3,premium,5,3,1,1,1,18664548,7767
6240,2,premium,6,3,0,1,2,64198411,5144
8905,2,premium,5,1,0,0,3,72901557,4093
5868,1,premium,2,1,0,0,2,34538861,5886
705,2,premium,4,1,0,0,1,8539609,6056
6700,1,premium,2,2,1,0,1,55214055,8241
7895,2,premium,5,3,0,0,2,74737721,4733
5659,2,premium,6,4,0,1,2,66980727,5918
9158,1,standard,2,2,0,0,2,28574097,3120
5272,2,luxury,4,1,0,1,2,92630547,8785
4622,1,premium,4,4,1,1,1,48074175,10401
5208,2,standard,3,2,0,0,2,32822119,3151
6220,2,premium,5,2,0,1,2,59043960,4746
3790,1,premium,6,3,0,0,2,19833338,5233
3979,1,premium,3,1,0,0,2,23091057,5803
6393,3,premium,2,1,1,0,2,140570908,7329
3230,2,premium,3,4,0,0,2,30501308,4722
3442,1,premium,5,3,1,0,1,30947871,8991
5197,2,standard,6,3,0,0,1,32957978,3171
8456,1,standard,5,4,0,1,1,28317871,3349
8513,2,standard,4,1,0,1,3,39614726,2327
4210,2,premium,6,3,1,0,2,56421190,6701
3313,1,standard,4,1,0,1,3,10189613,3076
5475,2,premium,5,4,0,0,1,63084812,5761
3348,3,standard,2,2,0,1,2,30540134,3041
4762,1,standard,3,4,0,1,2,14897929,3129
5350,2,standard,5,3,0,0,3,27102615,2533
4797,2,premium,5,4,0,0,2,51026069,5319
6887,2,premium,3,1,0,1,2,75491680,5481
7559,1,premium,2,1,0,1,1,49476066,6545
8170,2,standard,5,4,0,1,2,48750398,2984
3830,1,premium,4,3,0,0,2,20919444,5462
622,2,premium,3,1,0,1,1,8195720,6588
7941,2,premium,4,1,0,0,1,76064443,4789
7759,2,premium,2,3,0,1,1,85527213,5511
1251,3,luxury,2,4,0,0,3,32406481,8635
1114,2,standard,3,4,1,0,3,7936271,3562
3706,2,standard,5,3,0,1,1,27435916,3702